"GEOID","mean_premium","n_obs","NAME"
"29227",NA,NA,"Worth"
"31061",NA,NA,"Franklin"
"36013",1316,938,"Chautauqua"
"37181",1897,491,"Vance"
"47183",2190,456,"Weakley"
"44003",2768,4414,"Kent"
"08101",3567,5594,"Pueblo"
"17175",NA,NA,"Stark"
"29169",2390,1763,"Pulaski"
"19151",2958,23,"Pocahontas"
"22039",2785,258,"Evangeline"
"28049",2904,2996,"Hinds"
"28081",2334,1595,"Lee"
"29117",2188,312,"Livingston"
"21083",2910,378,"Graves"
"28037",NA,NA,"Franklin"
"40049",3209,270,"Garvin"
"47083",2404,134,"Houston"
"48189",2434,389,"Hale"
"51830",2407,460,"Williamsburg"
"51595",1926,84,"Emporia"
"51169",1881,184,"Scott"
"55069",1697,329,"Lincoln"
"35043",2094,4925,"Sandoval"
"27065",3213,357,"Kanabec"
"13321",1971,270,"Worth"
"37145",1773,820,"Person"
"31035",3317,59,"Clay"
"31169",3762,23,"Thayer"
"54083",1630,63,"Randolph"
"47077",2395,424,"Henderson"
"72033",NA,NA,"Cataño"
"48263",NA,NA,"Kent"
"12081",4126,9705,"Manatee"
"16027",1554,4384,"Canyon"
"17069",NA,NA,"Hardin"
"21117",2704,4194,"Kenton"
"22091",3036,78,"St. Helena"
"27133",2692,244,"Rock"
"29119",2676,225,"McDonald"
"40025",NA,NA,"Cimarron"
"39069",1988,231,"Henry"
"47151",2288,195,"Scott"
"06011",1866,606,"Colusa"
"13063",2466,6943,"Clayton"
"13057",2882,10474,"Cherokee"
"18065",2220,824,"Henry"
"20101",NA,NA,"Lane"
"21215",2614,774,"Spencer"
"19037",2325,62,"Chickasaw"
"27005",3104,708,"Becker"
"29085",NA,NA,"Hickory"
"27061",2547,1043,"Itasca"
"36037",1672,716,"Genesee"
"31143",3420,44,"Polk"
"40097",3197,522,"Mayes"
"46025",NA,NA,"Clark"
"48499",2464,519,"Wood"
"48393",NA,NA,"Roberts"
"54105",NA,NA,"Wirt"
"72061",NA,NA,"Guaynabo"
"18095",1989,2709,"Madison"
"01059",2402,240,"Franklin"
"06075",2948,1749,"San Francisco"
"13047",2105,2144,"Catoosa"
"19191",2299,35,"Winneshiek"
"28093",2774,647,"Marshall"
"28087",2419,1000,"Lowndes"
"29181",NA,NA,"Ripley"
"36115",1522,930,"Washington"
"46027",3094,160,"Clay"
"53071",1984,1431,"Walla Walla"
"08087",4388,598,"Morgan"
"17053",2241,123,"Ford"
"19103",2649,2036,"Johnson"
"20015",3380,1604,"Butler"
"21149",2530,68,"McLean"
"22043",1619,226,"Grant"
"28137",2742,553,"Tate"
"28017",2118,40,"Chickasaw"
"36099",1245,216,"Seneca"
"28029",2919,210,"Copiah"
"42075",1564,3516,"Lebanon"
"48353",2811,163,"Nolan"
"51775",1667,1107,"Salem"
"54031",1782,136,"Hardy"
"01029",2521,171,"Cleburne"
"55077",1900,220,"Marquette"
"35015",3254,1314,"Eddy"
"19069",2430,63,"Franklin"
"28111",2986,100,"Perry"
"21207",2285,125,"Russell"
"24047",2584,1558,"Worcester"
"47081",2349,416,"Hickman"
"48217",2716,495,"Hill"
"42045",2746,15928,"Delaware"
"48129",NA,NA,"Donley"
"51135",1831,261,"Nottoway"
"13055",2346,270,"Chattooga"
"19109",2858,82,"Kossuth"
"27027",2608,1642,"Clay"
"36009",1559,494,"Cattaraugus"
"06087",3216,3920,"Santa Cruz"
"24015",1942,3409,"Cecil"
"26021",2510,1994,"Berrien"
"28003",2978,286,"Alcorn"
"29145",2541,1338,"Newton"
"48215",2084,8027,"Hidalgo"
"48403",NA,NA,"Sabine"
"01009",2518,1141,"Blount"
"08013",4781,6796,"Boulder"
"13247",2722,2921,"Rockdale"
"17027",2650,717,"Clinton"
"18055",2370,383,"Greene"
"20027",NA,NA,"Clay"
"21073",2349,958,"Franklin"
"28133",2949,79,"Sunflower"
"31149",NA,NA,"Rock"
"45087",1678,268,"Union"
"47113",2394,2223,"Madison"
"51740",2343,4027,"Portsmouth"
"72101",NA,NA,"Morovis"
"51810",2941,16669,"Virginia Beach"
"55049",2124,229,"Iowa"
"17055",2777,255,"Franklin"
"19171",2588,216,"Tama"
"19101",2696,89,"Jefferson"
"20107",NA,NA,"Linn"
"37083",1993,656,"Halifax"
"21155",2144,213,"Marion"
"38069",1838,25,"Pierce"
"17187",2276,125,"Warren"
"46123",3285,26,"Tripp"
"72153",NA,NA,"Yauco"
"42131",1836,351,"Wyoming"
"05021",2084,92,"Clay"
"12047",3378,54,"Hamilton"
"18043",2333,3077,"Floyd"
"26057",3392,327,"Gratiot"
"19137",3423,101,"Montgomery"
"27151",3065,120,"Swift"
"27127",3062,181,"Redwood"
"20023",NA,NA,"Cheyenne"
"21087",2666,67,"Green"
"17041",2389,156,"Douglas"
"17095",2035,737,"Knox"
"51590",1585,958,"Danville"
"55065",1776,99,"Lafayette"
"48195",NA,NA,"Hansford"
"48437",3165,48,"Swisher"
"08095",4382,57,"Phillips"
"17067",2554,80,"Hancock"
"26101",2690,199,"Manistee"
"30075",NA,NA,"Powder River"
"31127",2993,89,"Nemaha"
"28059",4503,2489,"Jackson"
"48483",NA,NA,"Wheeler"
"46101",3437,74,"Moody"
"45083",1803,9286,"Spartanburg"
"04025",2019,6366,"Yavapai"
"13067",3238,25080,"Cobb"
"13043",2754,102,"Candler"
"31075",NA,NA,"Grant"
"19099",2589,947,"Jasper"
"21009",2473,639,"Barren"
"19175",2617,127,"Union"
"26143",2062,411,"Roscommon"
"29151",2632,221,"Osage"
"28085",3226,369,"Lincoln"
"39047",1936,476,"Fayette"
"47177",2279,572,"Warren"
"48227",2437,488,"Howard"
"48151",NA,NA,"Fisher"
"72005",NA,NA,"Aguadilla"
"48357",3055,79,"Ochiltree"
"17115",2319,1169,"Macon"
"08025",NA,NA,"Crowley"
"19011",2654,497,"Benton"
"19065",2307,94,"Fayette"
"20133",NA,NA,"Neosho"
"27085",2946,1080,"McLeod"
"13021",2036,3361,"Bibb"
"38035",2305,1305,"Grand Forks"
"22001",3261,642,"Acadia"
"17117",2458,401,"Macoupin"
"47173",2025,381,"Union"
"48031",2442,108,"Blanco"
"48331",2349,237,"Milam"
"48067",2531,339,"Cass"
"08103",1929,223,"Rio Blanco"
"17111",2853,10664,"McHenry"
"20129",NA,NA,"Morton"
"26139",2205,4153,"Ottawa"
"35023",NA,NA,"Hidalgo"
"42085",1492,1489,"Mercer"
"13161",2210,150,"Jeff Davis"
"01013",2213,170,"Butler"
"05097",2772,59,"Montgomery"
"08014",4273,2151,"Broomfield"
"13269",2322,90,"Taylor"
"18181",2002,478,"White"
"20031",NA,NA,"Coffey"
"29175",2137,344,"Randolph"
"29187",2311,800,"St. Francois"
"27079",3110,877,"Le Sueur"
"28061",2942,76,"Jasper"
"42043",1476,7207,"Dauphin"
"46057",NA,NA,"Hamlin"
"47105",2009,1446,"Loudon"
"48297",2369,101,"Live Oak"
"51680",1574,2411,"Lynchburg"
"55135",1768,736,"Waupaca"
"54095",NA,NA,"Tyler"
"01093",2649,247,"Marion"
"55061",1512,261,"Kewaunee"
"18137",2199,319,"Ripley"
"20115",NA,NA,"Marion"
"28101",2790,131,"Newton"
"13249",2233,76,"Schley"
"13201",2758,46,"Miller"
"38009",2390,84,"Bottineau"
"51610",3844,533,"Falls Church"
"48493",2585,875,"Wilson"
"42097",1313,992,"Northumberland"
"13179",3052,2025,"Liberty"
"22071",7513,5854,"Orleans"
"29199",NA,NA,"Scotland"
"31083",4067,28,"Harlan"
"36061",5817,47,"New York"
"37169",1677,1207,"Stokes"
"38059",2677,609,"Morton"
"42105",1593,95,"Potter"
"05147",NA,NA,"Woodruff"
"08089",3422,261,"Otero"
"18131",2534,126,"Pulaski"
"19091",2722,86,"Humboldt"
"21239",2373,653,"Woodford"
"20189",NA,NA,"Stevens"
"29025",2647,133,"Caldwell"
"34013",3147,12487,"Essex"
"31019",3790,568,"Buffalo"
"40037",3331,1154,"Creek"
"41003",1580,1581,"Benton"
"46073",NA,NA,"Jerauld"
"47015",2519,312,"Cannon"
"48441",2607,3291,"Taylor"
"54093",NA,NA,"Tucker"
"50021",NA,NA,"Rutland"
"72151",NA,NA,"Yabucoa"
"01033",2397,1094,"Colbert"
"08083",2183,753,"Montezuma"
"20097",NA,NA,"Kiowa"
"20209",2715,3813,"Wyandotte"
"21179",2592,1306,"Nelson"
"37103",2619,193,"Jones"
"16055",1631,4695,"Kootenai"
"47043",2289,1431,"Dickson"
"48155",NA,NA,"Foard"
"27097",2941,824,"Morrison"
"51177",2186,5847,"Spotsylvania"
"37025",2043,6531,"Cabarrus"
"42113",1657,43,"Sullivan"
"38045",NA,NA,"LaMoure"
"39083",2720,1067,"Knox"
"42117",1295,95,"Tioga"
"51183",2201,255,"Sussex"
"48179",2674,259,"Gray"
"37071",2320,6816,"Gaston"
"31069",NA,NA,"Garden"
"48191",NA,NA,"Hall"
"31023",3036,48,"Butler"
"36111",1944,2029,"Ulster"
"51197",1742,387,"Wythe"
"38091",NA,NA,"Steele"
"05085",2655,2882,"Lonoke"
"05075",2369,182,"Lawrence"
"29161",2463,550,"Phelps"
"26071",2056,100,"Iron"
"27099",2404,1091,"Mower"
"36015",1291,831,"Chemung"
"37159",2262,3821,"Rowan"
"48243",NA,NA,"Jeff Davis"
"51520",1966,269,"Bristol"
"48261",NA,NA,"Kenedy"
"01045",2498,1149,"Dale"
"05101",NA,NA,"Newton"
"13193",2716,54,"Macon"
"31091",NA,NA,"Hooker"
"18143",2211,456,"Scott"
"19121",3180,505,"Madison"
"18079",2083,371,"Jennings"
"20135",NA,NA,"Ness"
"21189",NA,NA,"Owsley"
"19075",2645,193,"Grundy"
"27153",2712,394,"Todd"
"28153",2657,113,"Wayne"
"36123",1385,142,"Yates"
"37109",2444,2676,"Lincoln"
"31115",NA,NA,"Loup"
"47119",2229,3040,"Maury"
"48103",2587,37,"Crane"
"48063",2329,132,"Camp"
"51037",1896,134,"Charlotte"
"72125",NA,NA,"San Germán"
"54015",NA,NA,"Clay"
"18117",2232,169,"Orange"
"19049",3023,3341,"Dallas"
"19167",2614,113,"Sioux"
"12027",4066,344,"DeSoto"
"21201",NA,NA,"Robertson"
"21029",2809,3004,"Bullitt"
"13157",2480,2542,"Jackson"
"16021",1882,321,"Boundary"
"31071",NA,NA,"Garfield"
"45089",2523,205,"Williamsburg"
"55123",2119,171,"Vernon"
"45069",1860,163,"Marlboro"
"48111",3325,63,"Dallam"
"51670",2123,755,"Hopewell"
"48055",2411,448,"Caldwell"
"41013",1863,537,"Crook"
"29043",2690,2870,"Christian"
"27147",2843,1409,"Steele"
"55037",1842,44,"Florence"
"31185",3332,164,"York"
"17101",2285,44,"Lawrence"
"37187",2557,95,"Washington"
"17009",NA,NA,"Brown"
"08007",3039,288,"Archuleta"
"47189",2463,4910,"Wilson"
"46107",NA,NA,"Potter"
"55015",2018,777,"Calumet"
"18091",2167,2519,"LaPorte"
"36067",1655,7452,"Onondaga"
"19193",2496,2297,"Woodbury"
"49053",1666,4981,"Washington"
"21063",NA,NA,"Elliott"
"19147",2780,73,"Palo Alto"
"17167",2448,1738,"Sangamon"
"35031",2119,215,"McKinley"
"24013",2389,8674,"Carroll"
"37079",2248,257,"Greene"
"47065",2794,11452,"Hamilton"
"17127",2717,77,"Massac"
"47075",2321,245,"Haywood"
"19003",NA,NA,"Adams"
"54077",1685,322,"Preston"
"17165",2562,137,"Saline"
"17163",2866,5609,"St. Clair"
"19019",2490,175,"Buchanan"
"19023",2597,208,"Butler"
"19033",2262,734,"Cerro Gordo"
"21095",2223,78,"Harlan"
"19041",2476,131,"Clay"
"42057",1412,198,"Fulton"
"20037",NA,NA,"Crawford"
"20073",NA,NA,"Greenwood"
"55131",1654,2291,"Washington"
"53021",1917,2583,"Franklin"
"42041",1660,7951,"Cumberland"
"29059",2526,275,"Dallas"
"51133",2298,364,"Northumberland"
"21069",2193,89,"Fleming"
"21079",2203,320,"Garrard"
"31013",3235,185,"Box Butte"
"20057",2918,327,"Ford"
"17077",3073,352,"Jackson"
"12001",3092,5224,"Alachua"
"48177",2402,135,"Gonzales"
"18119",2524,344,"Owen"
"72067",NA,NA,"Hormigueros"
"17025",3175,42,"Clay"
"18161",2191,59,"Union"
"42077",1696,8370,"Lehigh"
"42083",1405,210,"McKean"
"29125",2741,110,"Maries"
"26039",2224,175,"Crawford"
"27161",2483,520,"Waseca"
"51683",2215,1472,"Manassas"
"31087",NA,NA,"Hitchcock"
"32011",NA,NA,"Eureka"
"36005",3137,3116,"Bronx"
"31085",NA,NA,"Hayes"
"27105",3122,187,"Nobles"
"39023",1780,2846,"Clark"
"35013",1967,4475,"Doña Ana"
"26161",3506,5244,"Washtenaw"
"31139",3405,57,"Pierce"
"26015",2972,86,"Barry"
"35021",NA,NA,"Harding"
"39065",2016,329,"Hardin"
"05029",2729,246,"Conway"
"01123",2472,682,"Tallapoosa"
"31165",NA,NA,"Sioux"
"55113",2147,198,"Sawyer"
"55125",1678,277,"Vilas"
"55141",1731,668,"Wood"
"38093",2528,311,"Stutsman"
"38099",1970,95,"Walsh"
"39129",2350,1250,"Pickaway"
"39131",2196,201,"Pike"
"46017",NA,NA,"Buffalo"
"39057",2346,3576,"Greene"
"39049",2278,22473,"Franklin"
"29165",3158,3484,"Platte"
"48049",2322,377,"Brown"
"48135",2983,3735,"Ector"
"48235",NA,NA,"Irion"
"49041",1669,412,"Sevier"
"51101",2114,855,"King William"
"53055",2924,271,"San Juan"
"13277",2053,799,"Tift"
"56041",2030,587,"Uinta"
"28067",2578,568,"Jones"
"13071",2136,635,"Colquitt"
"48435",NA,NA,"Sutton"
"55021",2031,795,"Columbia"
"55127",1896,1986,"Walworth"
"51820",1570,784,"Waynesboro"
"32029",1641,131,"Storey"
"72135",NA,NA,"Toa Alta"
"72015",NA,NA,"Arroyo"
"72137",NA,NA,"Toa Baja"
"72149",NA,NA,"Villalba"
"26027",2757,680,"Cass"
"12115",4165,11961,"Sarasota"
"20021",NA,NA,"Cherokee"
"45041",2178,2965,"Florence"
"27017",2688,797,"Carlton"
"13075",1979,293,"Cook"
"13155",2446,99,"Irwin"
"48065",2975,95,"Carson"
"38027",NA,NA,"Eddy"
"20005",NA,NA,"Atchison"
"51600",2734,858,"Fairfax"
"51640",1473,69,"Galax"
"20013",NA,NA,"Brown"
"29205",NA,NA,"Shelby"
"51690",1678,257,"Martinsville"
"19001",2667,95,"Adair"
"48221",3142,1245,"Hood"
"12015",4534,5815,"Charlotte"
"13077",2403,5703,"Coweta"
"17011",2428,267,"Bureau"
"39173",2203,2044,"Wood"
"48091",2434,2293,"Comal"
"48133",2888,155,"Eastland"
"48497",3365,1718,"Wise"
"17139",2540,101,"Moultrie"
"17029",2212,310,"Coles"
"19067",2212,89,"Floyd"
"20049",NA,NA,"Elk"
"19081",2472,69,"Hancock"
"26045",2328,1968,"Eaton"
"19085",3366,209,"Harrison"
"47159",2282,436,"Smith"
"48117",2917,171,"Deaf Smith"
"26067",2474,825,"Ionia"
"20205",NA,NA,"Wilson"
"20203",NA,NA,"Wichita"
"48125",NA,NA,"Dickens"
"49031",NA,NA,"Piute"
"26081",2191,10786,"Kent"
"37085",2355,4577,"Harnett"
"37183",2468,38460,"Wake"
"26107",NA,NA,"Mecosta"
"27159",2982,173,"Wadena"
"46037",NA,NA,"Day"
"21181",2144,55,"Nicholas"
"26123",2619,550,"Newaygo"
"21197",NA,NA,"Powell"
"47165",2407,6446,"Sumner"
"27051",3104,68,"Grant"
"17049",2651,173,"Effingham"
"17061",2527,49,"Greene"
"21013",2024,57,"Bell"
"27003",3239,14769,"Anoka"
"27015",2728,393,"Brown"
"42001",1381,3258,"Adams"
"46013",2782,566,"Brown"
"46083",4370,1743,"Lincoln"
"40093",3431,62,"Major"
"46005",NA,NA,"Beadle"
"21033",2640,136,"Caldwell"
"47017",2296,325,"Carroll"
"46111",NA,NA,"Sanborn"
"42015",1495,528,"Bradford"
"37087",2148,1418,"Haywood"
"48017",2572,46,"Bailey"
"46019",NA,NA,"Butte"
"47063",1670,1430,"Hamblen"
"48025",2462,199,"Bee"
"46059",NA,NA,"Hand"
"42029",2502,15746,"Chester"
"46099",3270,4882,"Minnehaha"
"49001",1693,131,"Beaver"
"27073",3061,89,"Lac qui Parle"
"42037",1678,677,"Columbia"
"47101",2328,241,"Lewis"
"31033",3510,186,"Cheyenne"
"51003",2269,3574,"Albemarle"
"56003",2209,172,"Big Horn"
"55089",1848,1789,"Ozaukee"
"47161",2720,307,"Stewart"
"55099",1970,70,"Price"
"45059",1722,1087,"Laurens"
"45063",1870,8571,"Lexington"
"56019",2844,303,"Johnson"
"55119",NA,NA,"Taylor"
"51089",1611,976,"Henry"
"44005",3301,1206,"Newport"
"48447",NA,NA,"Throckmorton"
"19107",2715,33,"Keokuk"
"17203",2549,432,"Woodford"
"13187",2417,962,"Lumpkin"
"39161",1805,291,"Van Wert"
"12043",4186,193,"Glades"
"12051",3650,572,"Hendry"
"48469",2576,1691,"Victoria"
"48481",3139,436,"Wharton"
"13219",2382,1548,"Oconee"
"13225",2474,642,"Peach"
"13237",2526,462,"Putnam"
"13165",3085,37,"Jenkins"
"48239",3113,164,"Jackson"
"24009",2758,4209,"Calvert"
"13245",2140,5170,"Richmond"
"13283",NA,NA,"Treutlen"
"13273",2360,92,"Terrell"
"13289",2038,80,"Twiggs"
"20077",2724,67,"Harper"
"05025",2842,81,"Cleveland"
"19017",2641,278,"Bremer"
"48219",2660,337,"Hockley"
"17153",NA,NA,"Pulaski"
"39003",1856,998,"Allen"
"40107",NA,NA,"Okfuskee"
"27165",2671,121,"Watonwan"
"27149",3182,112,"Stevens"
"39067",1867,134,"Harrison"
"28083",2808,127,"Leflore"
"29039",2310,207,"Cedar"
"31155",4261,465,"Saunders"
"31049",NA,NA,"Deuel"
"27141",3536,4418,"Sherburne"
"48345",NA,NA,"Motley"
"13307",NA,NA,"Webster"
"13311",2412,685,"White"
"41053",1543,2418,"Polk"
"13167",2055,59,"Johnson"
"55057",2053,279,"Juneau"
"55073",1724,1341,"Marathon"
"55053",2172,154,"Jackson"
"72095",NA,NA,"Maunabo"
"72009",NA,NA,"Aibonito"
"55035",1807,1220,"Eau Claire"
"18003",1811,7598,"Allen"
"20045",2961,2650,"Douglas"
"18033",1756,824,"DeKalb"
"19087",2383,164,"Henry"
"18011",2750,1672,"Boone"
"18097",2405,17750,"Marion"
"19015",2842,604,"Boone"
"39091",2015,740,"Logan"
"29167",2609,736,"Polk"
"19115",2446,76,"Louisa"
"19173",3214,39,"Taylor"
"39029",1841,1358,"Columbiana"
"20065",NA,NA,"Graham"
"45091",2174,8836,"York"
"55019",1987,167,"Clark"
"20123",NA,NA,"Mitchell"
"20157",NA,NA,"Republic"
"20201",NA,NA,"Washington"
"38007",NA,NA,"Billings"
"40149",3321,121,"Washita"
"40101",2973,966,"Muskogee"
"26035",2106,285,"Clare"
"01027",2597,119,"Clay"
"01037",2523,107,"Coosa"
"37161",2067,1200,"Rutherford"
"40039",3645,494,"Custer"
"05135",2382,301,"Sharp"
"37177",NA,NA,"Tyrrell"
"51035",1363,528,"Carroll"
"19051",3148,52,"Davis"
"01069",2478,2872,"Houston"
"13023",2479,163,"Bleckley"
"20121",3063,1101,"Miami"
"13285",2166,1858,"Troup"
"37131",2701,153,"Northampton"
"08121",NA,NA,"Washington"
"08077",1955,5601,"Mesa"
"48309",2047,3438,"McLennan"
"39117",2835,578,"Morrow"
"20153",NA,NA,"Rawlins"
"17129",2822,93,"Menard"
"39121",1735,78,"Noble"
"20193",NA,NA,"Thomas"
"16057",1748,845,"Latah"
"48367",3349,4354,"Parker"
"39135",2221,758,"Preble"
"13059",2281,2765,"Clarke"
"19143",NA,NA,"Osceola"
"39139",1880,2384,"Richland"
"48391",3729,61,"Refugio"
"17181",2612,71,"Union"
"48401",2150,506,"Rusk"
"19181",2924,1981,"Warren"
"19185",3046,22,"Wayne"
"31059",3333,37,"Fillmore"
"48223",2747,388,"Hopkins"
"48423",2559,3646,"Smith"
"48231",2725,1980,"Hunt"
"36105",1954,978,"Sullivan"
"48313",2784,112,"Madison"
"51187",2037,2243,"Warren"
"36017",1699,414,"Chenango"
"48477",2624,479,"Washington"
"48291",3110,1174,"Liberty"
"01103",2422,3408,"Morgan"
"40147",2815,930,"Washington"
"51079",1966,715,"Greene"
"42125",1695,4624,"Washington"
"01105",NA,NA,"Perry"
"54051",1423,435,"Marshall"
"01107",2290,137,"Pickens"
"51069",1945,4018,"Frederick"
"54065",1747,454,"Morgan"
"28053",NA,NA,"Humphreys"
"29063",2376,173,"DeKalb"
"29197",NA,NA,"Schuyler"
"51063",1850,382,"Floyd"
"54049",1448,860,"Marion"
"54033",1557,935,"Harrison"
"39051",2197,579,"Fulton"
"54021",NA,NA,"Gilmer"
"29049",2864,561,"Clinton"
"47055",2234,601,"Giles"
"72019",NA,NA,"Barranquitas"
"54005",1937,130,"Boone"
"72037",NA,NA,"Ceiba"
"72051",NA,NA,"Dorado"
"28045",4498,663,"Hancock"
"28099",2635,155,"Neshoba"
"26079",2636,192,"Kalkaska"
"05111",2555,295,"Poinsett"
"12035",3265,4757,"Flagler"
"12133",3505,297,"Washington"
"12107",3169,889,"Putnam"
"12117",3934,12154,"Seminole"
"13087",2145,389,"Decatur"
"40119",3481,1543,"Payne"
"28021",NA,NA,"Claiborne"
"46049",NA,NA,"Faulk"
"28035",2817,1085,"Forrest"
"54067",1680,123,"Nicholas"
"72119",NA,NA,"Río Grande"
"72099",NA,NA,"Moca"
"18135",2008,267,"Randolph"
"54079",1735,1096,"Putnam"
"35049",2649,3029,"Santa Fe"
"13275",2777,946,"Thomas"
"35041",3529,334,"Roosevelt"
"38075",NA,NA,"Renville"
"17057",1948,375,"Fulton"
"28009",2829,60,"Benton"
"49057",1750,10785,"Weber"
"19095",2678,244,"Iowa"
"19047",2573,101,"Crawford"
"72077",NA,NA,"Juncos"
"17045",2350,88,"Edgar"
"41033",1863,1929,"Josephine"
"13309",NA,NA,"Wheeler"
"35033",NA,NA,"Mora"
"51678",1675,226,"Lexington"
"38049",2612,48,"McHenry"
"17183",2105,749,"Vermilion"
"20105",NA,NA,"Lincoln"
"01001",2299,1613,"Autauga"
"26091",2537,1646,"Lenawee"
"26001",1915,125,"Alcona"
"19009",3190,48,"Audubon"
"26111",2519,1558,"Midland"
"18183",2119,600,"Whitley"
"20051",3330,336,"Ellis"
"17079",NA,NA,"Jasper"
"26017",1999,1594,"Bay"
"17007",2689,1261,"Boone"
"19043",2512,65,"Clayton"
"18087",1963,383,"LaGrange"
"28033",2464,6575,"DeSoto"
"48053",2795,819,"Burnet"
"28135",NA,NA,"Tallahatchie"
"42093",1551,174,"Montour"
"48413",NA,NA,"Schleicher"
"18039",1854,3391,"Elkhart"
"28109",3292,921,"Pearl River"
"13255",2273,1851,"Spalding"
"19029",2545,210,"Cass"
"21067",3098,5819,"Fayette"
"48085",3681,23971,"Collin"
"54063",NA,NA,"Monroe"
"51121",2113,2640,"Montgomery"
"19045",2335,484,"Clinton"
"36003",1355,223,"Allegany"
"46047",3785,119,"Fall River"
"13085",2398,1068,"Dawson"
"18067",1899,1762,"Howard"
"20081",NA,NA,"Haskell"
"48397",3470,3268,"Rockwall"
"48185",2748,332,"Grimes"
"20091",3369,20038,"Johnson"
"38015",2838,2135,"Burleigh"
"46029",2809,536,"Codington"
"48507",NA,NA,"Zavala"
"20075",NA,NA,"Hamilton"
"38001",NA,NA,"Adams"
"01031",2583,1941,"Coffee"
"19165",3070,123,"Shelby"
"26093",3024,4259,"Livingston"
"48473",3289,951,"Waller"
"72043",NA,NA,"Coamo"
"38039",NA,NA,"Griggs"
"13111",2620,597,"Fannin"
"26013",NA,NA,"Baraga"
"19063",2358,56,"Emmet"
"55025",2157,6448,"Dane"
"05115",2746,1217,"Pope"
"19005",2268,27,"Allamakee"
"29015",2464,258,"Benton"
"55103",1977,125,"Richland"
"05141",2729,274,"Van Buren"
"22049",2357,154,"Jackson"
"55063",1975,1251,"La Crosse"
"37139",2641,1347,"Pasquotank"
"29067",NA,NA,"Douglas"
"48317",3841,33,"Martin"
"22065",NA,NA,"Madison"
"29101",2604,1566,"Johnson"
"40011",2831,48,"Blaine"
"40015",3151,169,"Caddo"
"08059",4532,17940,"Jefferson"
"29123",2052,103,"Madison"
"48383",NA,NA,"Reagan"
"40137",3282,571,"Stephens"
"29185",2410,91,"St. Clair"
"08047",4097,220,"Gilpin"
"48487",2976,106,"Wilbarger"
"08073",3754,80,"Lincoln"
"41011",1640,1171,"Coos"
"08119",4098,962,"Teller"
"48059",2944,246,"Callahan"
"48259",3247,692,"Kendall"
"48315",2241,77,"Marion"
"40001",NA,NA,"Adair"
"48203",2296,706,"Harrison"
"36095",1589,378,"Schoharie"
"48459",2312,534,"Upshur"
"31067",3535,365,"Gage"
"37129",4050,7141,"New Hanover"
"38063",NA,NA,"Nelson"
"17107",2367,253,"Logan"
"26049",2890,7443,"Genesee"
"37137",3518,241,"Pamlico"
"48343",2964,104,"Morris"
"39041",2687,4513,"Delaware"
"48451",2124,2610,"Tom Green"
"72113",NA,NA,"Ponce"
"26043",1972,281,"Dickinson"
"40033",3394,30,"Cotton"
"18105",2415,2073,"Monroe"
"40083",4738,1064,"Logan"
"51710",2688,7929,"Norfolk"
"36023",1501,367,"Cortland"
"48375",2737,1732,"Potter"
"48079",NA,NA,"Cochran"
"16003",2235,57,"Adams"
"40007",3657,22,"Beaver"
"55045",1916,348,"Green"
"18063",2542,4413,"Hendricks"
"18179",1940,549,"Wells"
"28015",3883,29,"Carroll"
"46015",NA,NA,"Brule"
"51510",2990,3247,"Alexandria"
"19117",3114,89,"Lucas"
"20089",NA,NA,"Jewell"
"51025",1799,160,"Brunswick"
"48341",2827,259,"Moore"
"27049",3171,1407,"Goodhue"
"24045",2478,2768,"Wicomico"
"42073",1569,1407,"Lawrence"
"37197",2016,747,"Yadkin"
"46003",NA,NA,"Aurora"
"54001",1797,74,"Barbour"
"37157",1562,2387,"Rockingham"
"48211",NA,NA,"Hemphill"
"46121",NA,NA,"Todd"
"72129",NA,NA,"San Lorenzo"
"17121",2577,222,"Marion"
"42059",1789,208,"Greene"
"18069",1935,582,"Huntington"
"42115",1676,378,"Susquehanna"
"27103",2865,995,"Nicollet"
"36001",1596,4158,"Albany"
"20177",2672,3414,"Shawnee"
"48127",NA,NA,"Dimmit"
"48319",NA,NA,"Mason"
"28155",NA,NA,"Webster"
"21223",2591,117,"Trimble"
"12041",3011,255,"Gilchrist"
"01087",2508,64,"Macon"
"40133",3657,138,"Seminole"
"08039",5514,1080,"Elbert"
"28051",NA,NA,"Holmes"
"37143",3083,366,"Perquimans"
"31047",3833,289,"Dawson"
"19111",2494,170,"Lee"
"19083",2701,147,"Hardin"
"51093",2771,1745,"Isle of Wight"
"47169",2487,258,"Trousdale"
"17185",NA,NA,"Wabash"
"20093",NA,NA,"Kearny"
"31167",3835,65,"Stanton"
"48099",2159,1831,"Coryell"
"20079",2776,508,"Harvey"
"21219",2991,120,"Todd"
"51049",1866,252,"Cumberland"
"48011",NA,NA,"Armstrong"
"13133",2916,372,"Greene"
"29079",2092,100,"Grundy"
"28069",3289,36,"Kemper"
"26069",2191,280,"Iosco"
"39109",1793,2334,"Miami"
"39149",2114,634,"Shelby"
"05043",2977,163,"Drew"
"72065",NA,NA,"Hatillo"
"47035",2003,1040,"Cumberland"
"20063",NA,NA,"Gove"
"55005",2012,521,"Barron"
"29203",NA,NA,"Shannon"
"20199",NA,NA,"Wallace"
"51179",2616,6145,"Stafford"
"08003",2433,179,"Alamosa"
"29135",2394,164,"Moniteau"
"51700",2309,5701,"Newport News"
"28129",2841,59,"Smith"
"48041",2356,3119,"Brazos"
"40055",2954,55,"Greer"
"31179",3212,68,"Wayne"
"51097",2212,205,"King and Queen"
"21037",3571,2024,"Campbell"
"48069",NA,NA,"Castro"
"24011",2118,1155,"Caroline"
"17123",2311,123,"Marshall"
"47023",2319,314,"Chester"
"27101",3133,100,"Murray"
"18023",2223,416,"Clinton"
"16051",1849,745,"Jefferson"
"18149",2112,360,"Starke"
"22061",2248,760,"Lincoln"
"31135",NA,NA,"Perkins"
"26073",2323,558,"Isabella"
"38003",2352,160,"Barnes"
"05059",2785,483,"Hot Spring"
"37081",1933,14668,"Guilford"
"19077",2955,170,"Guthrie"
"19027",2758,162,"Carroll"
"26085",1791,84,"Lake"
"26117",2640,96,"Montcalm"
"17047",NA,NA,"Edwards"
"40073",3917,226,"Kingfisher"
"47021",2479,1517,"Cheatham"
"46079",3750,152,"Lake"
"45039",2315,297,"Fairfield"
"31037",3812,71,"Colfax"
"56031",3272,313,"Platte"
"39153",1931,13550,"Summit"
"39025",2229,4189,"Clermont"
"13113",2997,4528,"Fayette"
"08091",3189,149,"Ouray"
"27109",2886,3691,"Olmsted"
"13209",2632,57,"Montgomery"
"39037",2103,530,"Darke"
"12067",NA,NA,"Lafayette"
"48021",2614,1244,"Bastrop"
"50019",NA,NA,"Orleans"
"19131",2108,59,"Mitchell"
"47115",2242,477,"Marion"
"37089",2252,2881,"Henderson"
"18111",2035,324,"Newton"
"17105",2319,324,"Livingston"
"13035",2295,628,"Butts"
"16081",2603,230,"Teton"
"13015",2346,3432,"Bartow"
"48051",2303,224,"Burleson"
"54009",1497,241,"Brooke"
"28159",2819,72,"Winston"
"72001",NA,NA,"Adjuntas"
"54019",1594,252,"Fayette"
"12045",4984,254,"Gulf"
"53069",2240,112,"Wahkiakum"
"72093",NA,NA,"Maricao"
"21237",NA,NA,"Wolfe"
"26147",2606,3614,"St. Clair"
"31039",3438,96,"Cuming"
"38047",NA,NA,"Logan"
"37179",2233,8400,"Union"
"38079",NA,NA,"Rolette"
"13261",2070,432,"Sumter"
"29091",2237,608,"Howell"
"48033",NA,NA,"Borden"
"22083",2346,229,"Richland"
"48207",NA,NA,"Haskell"
"72071",NA,NA,"Isabela"
"37063",2134,10790,"Durham"
"55087",1734,3397,"Outagamie"
"48489",2730,83,"Willacy"
"24029",2156,701,"Kent"
"28139",2586,108,"Tippah"
"45025",2141,359,"Chesterfield"
"19179",2279,437,"Wapello"
"29051",2375,1476,"Cole"
"53043",2485,270,"Lincoln"
"48379",2646,140,"Rains"
"40057",NA,NA,"Harmon"
"17005",2964,143,"Bond"
"01111",2814,287,"Randolph"
"13019",2099,288,"Berrien"
"48045",NA,NA,"Briscoe"
"20039",NA,NA,"Decatur"
"55105",1767,2370,"Rock"
"31183",NA,NA,"Wheeler"
"48193",3124,64,"Hamilton"
"20083",NA,NA,"Hodgeman"
"48233",2688,271,"Hutchinson"
"29081",2387,48,"Harrison"
"21035",3061,648,"Calloway"
"20173",3084,12386,"Sedgwick"
"27113",2275,244,"Pennington"
"28013",2853,56,"Calhoun"
"72103",NA,NA,"Naguabo"
"20175",2869,315,"Seward"
"56011",NA,NA,"Crook"
"13143",2945,899,"Haralson"
"48389",NA,NA,"Reeves"
"17051",2419,91,"Fayette"
"31079",3279,1014,"Hall"
"40043",NA,NA,"Dewey"
"72131",NA,NA,"San Sebastián"
"13149",2407,248,"Heard"
"18177",1831,861,"Wayne"
"31095",2534,50,"Jefferson"
"54029",1320,295,"Hancock"
"31017",NA,NA,"Brown"
"20009",2915,143,"Barton"
"22073",2286,3027,"Ouachita"
"48089",2890,199,"Colorado"
"19139",2341,590,"Muscatine"
"31159",3791,283,"Seward"
"18107",2112,639,"Montgomery"
"18025",2338,164,"Crawford"
"05045",2690,3912,"Faulkner"
"18157",2038,2705,"Tippecanoe"
"39021",2062,756,"Champaign"
"48165",3069,207,"Gaines"
"39081",1606,759,"Jefferson"
"48269",NA,NA,"King"
"39043",1798,1149,"Erie"
"17019",2465,2151,"Champaign"
"35019",NA,NA,"Guadalupe"
"40125",3344,884,"Pottawatomie"
"20155",2608,934,"Reno"
"13011",2246,373,"Banks"
"48421",NA,NA,"Sherman"
"27091",2539,346,"Martin"
"06077",1872,22475,"San Joaquin"
"19123",2524,259,"Mahaska"
"38041",NA,NA,"Hettinger"
"51770",1790,3194,"Roanoke"
"36101",1851,731,"Steuben"
"72007",NA,NA,"Aguas Buenas"
"18047",2593,237,"Franklin"
"40105",2719,39,"Nowata"
"05053",2754,529,"Grant"
"18053",1867,929,"Grant"
"13213",1996,710,"Murray"
"46007",NA,NA,"Bennett"
"17125",2144,70,"Mason"
"27033",2459,149,"Cottonwood"
"48279",3191,72,"Lamb"
"19153",2495,16356,"Polk"
"53049",1991,492,"Pacific"
"51111",2036,163,"Lunenburg"
"47003",2163,1157,"Bedford"
"17119",2550,5594,"Madison"
"06001",2493,15835,"Alameda"
"06073",2654,52610,"San Diego"
"18151",1994,613,"Steuben"
"18167",2220,1529,"Vigo"
"20125",NA,NA,"Montgomery"
"21055",2670,85,"Crittenden"
"26141",2241,77,"Presque Isle"
"27119",2723,517,"Polk"
"29209",2673,687,"Stone"
"28103",NA,NA,"Noxubee"
"31133",NA,NA,"Pawnee"
"34029",2595,21265,"Ocean"
"36055",1815,14876,"Monroe"
"35007",3094,132,"Colfax"
"37117",2372,370,"Martin"
"37015",2449,88,"Bertie"
"37009",2423,349,"Ashe"
"45003",2040,4585,"Aiken"
"38013",NA,NA,"Burke"
"48321",3030,443,"Matagorda"
"48057",2645,187,"Calhoun"
"01047",2553,291,"Dallas"
"17083",2588,240,"Jersey"
"48095",NA,NA,"Concho"
"20061",2850,1245,"Geary"
"23001",1502,2134,"Androscoggin"
"41069",NA,NA,"Wheeler"
"47001",1981,2177,"Anderson"
"29107",2642,910,"Lafayette"
"06003",NA,NA,"Alpine"
"29137",2497,46,"Monroe"
"39089",2343,3573,"Licking"
"05065",2623,167,"Izard"
"51790",1623,908,"Staunton"
"21109",NA,NA,"Jackson"
"20035",NA,NA,"Cowley"
"37105",2587,1932,"Lee"
"37165",2410,399,"Scotland"
"46011",2646,468,"Brookings"
"46097",NA,NA,"Miner"
"51540",2223,1278,"Charlottesville"
"47171",1661,272,"Unicoi"
"55117",1409,2036,"Sheboygan"
"53003",1905,585,"Asotin"
"17199",3061,747,"Williamson"
"39077",1801,807,"Huron"
"48285",2743,144,"Lavaca"
"31001",3479,629,"Adams"
"27121",3068,230,"Pope"
"55085",1820,480,"Oneida"
"39115",2033,93,"Morgan"
"13065",2581,44,"Clinch"
"26025",NA,NA,"Calhoun"
"37127",2439,2367,"Nash"
"18035",1984,1989,"Delaware"
"13009",2160,683,"Baldwin"
"20113",NA,NA,"McPherson"
"48361",2930,1460,"Orange"
"48399",2453,88,"Runnels"
"36035",2017,738,"Fulton"
"40121",3021,524,"Pittsburg"
"39053",2402,196,"Gallia"
"01075",2276,86,"Lamar"
"29211",NA,NA,"Sullivan"
"12091",4289,7988,"Okaloosa"
"28023",2605,109,"Clarke"
"27111",2908,1112,"Otter Tail"
"05009",2610,721,"Boone"
"55039",1669,1217,"Fond du Lac"
"72091",NA,NA,"Manatí"
"18057",2865,7855,"Hamilton"
"20195",NA,NA,"Trego"
"13197",2412,96,"Marion"
"36109",2232,414,"Tompkins"
"48495",NA,NA,"Winkler"
"29213",2648,1020,"Taney"
"55071",1724,939,"Manitowoc"
"29141",2502,269,"Morgan"
"21115",3182,225,"Johnson"
"29097",2446,3199,"Jasper"
"17135",2631,123,"Montgomery"
"51103",2658,283,"Lancaster"
"51043",2538,801,"Clarke"
"42005",1345,807,"Armstrong"
"46039",NA,NA,"Deuel"
"17109",2234,199,"McDonough"
"13053",2247,41,"Chattahoochee"
"55078",NA,NA,"Menominee"
"28077",3134,51,"Lawrence"
"22003",2588,154,"Allen"
"46035",3270,206,"Davison"
"31117",NA,NA,"McPherson"
"01113",2295,1691,"Russell"
"04023",1989,1259,"Santa Cruz"
"05017",3136,56,"Chicot"
"12061",4454,3833,"Indian River"
"16069",1636,1096,"Nez Perce"
"19059",2866,190,"Dickinson"
"20099",NA,NA,"Labette"
"22115",2055,919,"Vernon"
"22085",2400,178,"Sabine"
"24005",2403,27952,"Baltimore"
"24003",2591,23743,"Anne Arundel"
"27025",3423,2307,"Chisago"
"28075",2651,938,"Lauderdale"
"28149",2760,546,"Warren"
"30041",2464,309,"Hill"
"29217",2344,268,"Vernon"
"29047",2907,9464,"Clay"
"36081",2692,15323,"Queens"
"48501",2857,102,"Yoakum"
"06009",3885,1386,"Calaveras"
"13171",2280,441,"Lamar"
"47185",2095,423,"White"
"20141",NA,NA,"Osborne"
"48145",2440,127,"Falls"
"24023",2336,465,"Garrett"
"18175",2415,530,"Washington"
"31101",3473,49,"Keith"
"72127",NA,NA,"San Juan"
"17035",2260,36,"Cumberland"
"28057",2342,232,"Itawamba"
"20053",NA,NA,"Ellsworth"
"29089",2372,68,"Howard"
"48369",2842,59,"Parmer"
"27067",2983,937,"Kandiyohi"
"20119",NA,NA,"Meade"
"29023",2462,489,"Butler"
"39103",1812,4795,"Medina"
"40003",NA,NA,"Alfalfa"
"12093",4007,483,"Okeechobee"
"28131",3215,171,"Stone"
"18031",2011,355,"Decatur"
"21235",2811,149,"Whitley"
"32033",1534,129,"White Pine"
"35059",3500,28,"Union"
"39079",2500,334,"Jackson"
"40071",2763,624,"Kay"
"39143",1849,744,"Sandusky"
"41001",1574,326,"Baker"
"01125",2456,4199,"Tuscaloosa"
"01035",2758,50,"Conecuh"
"01095",2508,1963,"Marshall"
"04021",1904,10654,"Pinal"
"06089",2942,5889,"Shasta"
"13141",2376,51,"Hancock"
"13223",2327,6565,"Paulding"
"17147",2584,192,"Piatt"
"17103",2457,285,"Lee"
"02068",NA,NA,"Denali"
"06013",2361,22347,"Contra Costa"
"12019",3381,5763,"Clay"
"13243",NA,NA,"Randolph"
"18081",2410,4086,"Johnson"
"20207",NA,NA,"Woodson"
"20165",NA,NA,"Rush"
"21229",2184,152,"Washington"
"22055",3018,6549,"Lafayette"
"26113",2229,126,"Missaukee"
"27171",3505,6312,"Wright"
"28073",3188,1253,"Lamar"
"29229",NA,NA,"Wright"
"30103",NA,NA,"Treasure"
"31093",3703,52,"Howard"
"31041",3564,58,"Custer"
"21193",NA,NA,"Perry"
"37041",3220,287,"Chowan"
"31141",3580,547,"Platte"
"39031",1764,285,"Coshocton"
"42069",1808,3418,"Lackawanna"
"46093",3957,745,"Meade"
"51047",2204,2408,"Culpeper"
"47041",2344,397,"DeKalb"
"48335",2746,58,"Mitchell"
"48043",1921,95,"Brewster"
"51085",2261,5588,"Hanover"
"54101",NA,NA,"Webster"
"51570",2010,849,"Colonial Heights"
"51195",1885,382,"Wise"
"72073",NA,NA,"Jayuya"
"72029",NA,NA,"Canóvanas"
"55093",2333,905,"Pierce"
"56025",2650,2310,"Natrona"
"53019",3143,83,"Ferry"
"33017",2178,2834,"Strafford"
"26165",NA,NA,"Wexford"
"36097",1832,93,"Schuyler"
"12063",3276,473,"Jackson"
"39071",2158,456,"Highland"
"36079",2493,2605,"Putnam"
"40115",2908,203,"Ottawa"
"39085",1617,7037,"Lake"
"41021",1915,32,"Gilliam"
"51027",NA,NA,"Buchanan"
"47029",1888,415,"Cocke"
"01043",2465,1634,"Cullman"
"02016",NA,NA,"Aleutians West"
"12071",4330,21733,"Lee"
"12069",3284,10131,"Lake"
"13305",2388,639,"Wayne"
"17017",2511,29,"Cass"
"18071",2037,797,"Jackson"
"19169",2726,1941,"Story"
"21137",1985,291,"Lincoln"
"21167",2840,467,"Mercer"
"19105",2545,249,"Jones"
"19135",2492,50,"Monroe"
"29029",2753,859,"Camden"
"28031",3494,98,"Covington"
"21097",2285,248,"Harrison"
"29083",2546,400,"Henry"
"30037",NA,NA,"Golden Valley"
"31051",3384,47,"Dixon"
"30049",2712,2089,"Lewis and Clark"
"21127",2737,111,"Lawrence"
"40145",3312,2044,"Wagoner"
"42079",1556,5366,"Luzerne"
"48275",NA,NA,"Knox"
"51059",2892,37138,"Fairfax"
"51157",2442,326,"Rappahannock"
"51075",2792,1158,"Goochland"
"51191",1935,723,"Washington"
"54037",2026,2349,"Jefferson"
"72047",NA,NA,"Corozal"
"01003",3648,5805,"Baldwin"
"51115",3022,258,"Mathews"
"55097",1833,604,"Portage"
"54087",1955,71,"Roane"
"06049",2343,130,"Modoc"
"36121",1427,399,"Wyoming"
"19125",2656,730,"Marion"
"26033",3097,201,"Chippewa"
"20041",2869,403,"Dickinson"
"39167",1897,807,"Washington"
"28125",NA,NA,"Sharkey"
"31163",NA,NA,"Sherman"
"31009",NA,NA,"Blaine"
"31129",NA,NA,"Nuckolls"
"05083",2581,275,"Logan"
"42017",2660,20074,"Bucks"
"46009",NA,NA,"Bon Homme"
"46103",3613,2561,"Pennington"
"48175",2964,55,"Goliad"
"18153",2535,197,"Sullivan"
"21101",2609,568,"Henderson"
"48251",2864,3816,"Johnson"
"40087",4113,862,"McClain"
"48463",2464,202,"Uvalde"
"06095",2105,14802,"Solano"
"31145",3774,183,"Red Willow"
"22107",NA,NA,"Tensas"
"31007",NA,NA,"Banner"
"32017",1484,56,"Lincoln"
"51167",1757,214,"Russell"
"47131",2388,450,"Obion"
"55027",1662,1326,"Dodge"
"72111",NA,NA,"Peñuelas"
"72031",NA,NA,"Carolina"
"48249",2731,412,"Jim Wells"
"48445",2653,96,"Terry"
"27031",2881,77,"Cook"
"48337",3268,286,"Montague"
"05007",2979,6962,"Benton"
"06065",2442,62229,"Riverside"
"06041",3604,2255,"Marin"
"13191",2674,242,"McIntosh"
"13027",2154,204,"Brooks"
"17023",2402,86,"Clark"
"18083",2328,453,"Knox"
"18171",2181,100,"Warren"
"21213",2332,413,"Simpson"
"22037",3306,317,"East Feliciana"
"23017",1914,897,"Oxford"
"26053",NA,NA,"Gogebic"
"28141",2349,145,"Tishomingo"
"32003",1652,48364,"Clark"
"29003",2230,382,"Andrew"
"38095",NA,NA,"Towner"
"38087",NA,NA,"Slope"
"17169",NA,NA,"Schuyler"
"18093",2280,663,"Lawrence"
"20003",NA,NA,"Anderson"
"20127",NA,NA,"Morris"
"21049",2235,895,"Clark"
"23009",2032,678,"Hancock"
"22051",5790,9740,"Jefferson"
"27029",2795,78,"Clearwater"
"28089",3092,2709,"Madison"
"28105",2588,499,"Oktibbeha"
"22075",6546,395,"Plaquemines"
"37193",1852,1048,"Wilkes"
"35001",2018,18596,"Bernalillo"
"27095",3101,770,"Mille Lacs"
"21161",1920,130,"Mason"
"28161",2772,76,"Yalobusha"
"28163",3038,147,"Yazoo"
"39027",2397,676,"Clinton"
"41071",1563,2513,"Yamhill"
"47175",2479,58,"Van Buren"
"48293",2406,172,"Limestone"
"48289",3237,112,"Leon"
"51061",2556,3640,"Fauquier"
"48329",3013,5229,"Midland"
"48241",2564,296,"Jasper"
"72075",NA,NA,"Juana Díaz"
"55079",2065,14653,"Milwaukee"
"72087",NA,NA,"Loíza"
"01039",2620,514,"Covington"
"55075",1645,631,"Marinette"
"56039",5821,247,"Teton"
"26055",2406,935,"Grand Traverse"
"20047",NA,NA,"Edwards"
"38043",NA,NA,"Kidder"
"13083",2496,323,"Dade"
"13317",2194,96,"Wilkes"
"30071",2467,56,"Phillips"
"38023",NA,NA,"Divide"
"22041",2302,117,"Franklin"
"17161",2175,2382,"Rock Island"
"51109",2170,1693,"Louisa"
"46065",NA,NA,"Hughes"
"72145",NA,NA,"Vega Baja"
"48161",2568,157,"Freestone"
"72011",NA,NA,"Añasco"
"40047",3054,1093,"Garfield"
"04017",2271,1479,"Navajo"
"09005",2582,4399,"Litchfield"
"16075",1707,502,"Payette"
"16049",1921,281,"Idaho"
"19053",3068,56,"Decatur"
"20033",NA,NA,"Comanche"
"22077",3316,257,"Pointe Coupee"
"22011",2244,864,"Beauregard"
"26151",2604,412,"Sanilac"
"27037",3550,15002,"Dakota"
"29147",2246,241,"Nodaway"
"13173",1964,206,"Lanier"
"29087",2473,53,"Holt"
"30101",2057,80,"Toole"
"22125",3570,200,"West Feliciana"
"30091",2777,43,"Sheridan"
"40075",3111,60,"Kiowa"
"54081",1693,852,"Raleigh"
"55091",NA,NA,"Pepin"
"56033",3136,844,"Sheridan"
"48115",2879,93,"Dawson"
"40135",2987,534,"Sequoyah"
"04019",1887,26257,"Pima"
"05081",2617,91,"Little River"
"08009",NA,NA,"Baca"
"13233",2214,995,"Polk"
"13251",2505,221,"Screven"
"13105",2389,278,"Elbert"
"17013",NA,NA,"Calhoun"
"17003",NA,NA,"Alexander"
"18141",1950,5085,"St. Joseph"
"19061",2291,862,"Dubuque"
"12053",2923,6819,"Hernando"
"12057",4240,34045,"Hillsborough"
"21041",2362,117,"Carroll"
"22017",1949,4463,"Caddo"
"26163",2891,28121,"Wayne"
"26009",2230,295,"Antrim"
"28157",NA,NA,"Wilkinson"
"30083",3029,177,"Richland"
"12037",6757,182,"Franklin"
"21005",2265,585,"Anderson"
"29103",NA,NA,"Knox"
"38017",2325,3662,"Cass"
"21105",NA,NA,"Hickman"
"29163",2397,140,"Pike"
"40139",2994,185,"Texas"
"21051",NA,NA,"Clay"
"38085",NA,NA,"Sioux"
"17085",2727,138,"Jo Daviess"
"45021",1747,791,"Cherokee"
"53063",1915,15006,"Spokane"
"54053",1599,155,"Mason"
"47031",2280,1366,"Coffee"
"48141",1984,10734,"El Paso"
"49051",2546,895,"Wasatch"
"04011",NA,NA,"Greenlee"
"06059",2515,31160,"Orange"
"06035",2951,654,"Lassen"
"09009",2765,18481,"New Haven"
"16041",1856,388,"Franklin"
"37055",5266,1531,"Dare"
"38053",2314,198,"McKenzie"
"36031",1711,395,"Essex"
"41037",1823,99,"Lake"
"45053",3036,530,"Jasper"
"46053",NA,NA,"Gregory"
"01101",2679,5089,"Montgomery"
"02110",1853,763,"Juneau"
"02290",NA,NA,"Yukon-Koyukuk"
"06019",1854,29333,"Fresno"
"12095",4039,31512,"Orange"
"13231",2523,546,"Pike"
"13217",2359,3989,"Newton"
"30003",2657,62,"Big Horn"
"31161",NA,NA,"Sheridan"
"31181",NA,NA,"Webster"
"36073",1445,545,"Orleans"
"37031",4607,2265,"Carteret"
"39105",2030,112,"Meigs"
"13319",2278,71,"Wilkinson"
"48295",NA,NA,"Lipscomb"
"41057",1964,579,"Tillamook"
"47103",2744,748,"Lincoln"
"47051",2363,821,"Franklin"
"55109",2256,2791,"St. Croix"
"01065",2667,72,"Hale"
"02198",NA,NA,"Prince of Wales-Hyder"
"02220",NA,NA,"Sitka"
"08015",2999,604,"Chaffee"
"12049",3857,176,"Hardee"
"13121",3866,25193,"Fulton"
"13235",2313,142,"Pulaski"
"13227",2467,1115,"Pickens"
"13097",2509,4751,"Douglas"
"16015",1796,160,"Boise"
"19197",2609,98,"Wright"
"19073",2629,92,"Greene"
"18045",2085,207,"Fountain"
"18037",2333,1023,"Dubois"
"21199",2593,845,"Pulaski"
"19055",2787,99,"Delaware"
"21089",2542,340,"Greenup"
"24027",3192,10956,"Howard"
"22121",2944,591,"West Baton Rouge"
"31175",NA,NA,"Valley"
"31011",NA,NA,"Boone"
"31109",3435,7938,"Lancaster"
"35027",2826,383,"Lincoln"
"42019",1644,4030,"Butler"
"45023",2024,511,"Chester"
"47005",2417,222,"Benton"
"48201",3020,48945,"Harris"
"48209",2721,4017,"Hays"
"48287",2786,145,"Lee"
"48429",3266,52,"Stephens"
"48005",2249,997,"Angelina"
"48073",2539,577,"Cherokee"
"51033",1947,1167,"Caroline"
"72049",NA,NA,"Culebra"
"53017",1999,867,"Douglas"
"18013",2589,395,"Brown"
"19039",2525,131,"Clarke"
"39073",2162,345,"Hocking"
"12003",2631,455,"Baker"
"19071",3561,109,"Fremont"
"12075",3537,549,"Levy"
"39013",1773,807,"Belmont"
"19031",2677,340,"Cedar"
"37153",2281,629,"Richmond"
"12127",3374,17991,"Volusia"
"37069",2251,2343,"Franklin"
"13279",2804,338,"Toombs"
"29159",2116,772,"Pettis"
"21091",2637,92,"Hancock"
"21001",2590,84,"Adair"
"30059",NA,NA,"Meagher"
"36051",1375,809,"Livingston"
"51036",2605,236,"Charles City"
"45061",2114,152,"Lee"
"45017",2262,191,"Calhoun"
"48171",3294,307,"Gillespie"
"48349",2612,571,"Navarro"
"48347",2187,375,"Nacogdoches"
"48255",2550,58,"Karnes"
"49045",1677,2814,"Tooele"
"49025",1970,137,"Kane"
"51730",2134,915,"Petersburg"
"54107",1462,1286,"Wood"
"53001",2171,224,"Adams"
"54045",2045,91,"Logan"
"17099",2507,1491,"LaSalle"
"18041",2045,240,"Fayette"
"36049",1558,222,"Lewis"
"39163",2441,83,"Vinton"
"20151",NA,NA,"Pratt"
"20069",NA,NA,"Gray"
"28117",2371,294,"Prentiss"
"28115",2546,394,"Pontotoc"
"28025",3653,112,"Clay"
"29207",2447,300,"Stoddard"
"29001",1987,245,"Adair"
"37099",2020,534,"Jackson"
"21057",NA,NA,"Cumberland"
"21217",2520,185,"Taylor"
"30035",2433,74,"Glacier"
"16001",1172,8949,"Ada"
"31113",NA,NA,"Logan"
"44001",3767,1050,"Bristol"
"23013",2293,513,"Knox"
"25027",2539,18007,"Worcester"
"26011",2417,113,"Arenac"
"29155",NA,NA,"Pemiscot"
"31021",3642,76,"Burt"
"33019",2659,585,"Sullivan"
"35025",3415,1335,"Lea"
"37149",2320,440,"Polk"
"37053",3744,1472,"Currituck"
"39035",1746,25016,"Cuyahoga"
"42071",1477,12439,"Lancaster"
"37141",4018,1808,"Pender"
"48427",2081,226,"Starr"
"41059",1702,1495,"Umatilla"
"42095",1610,8749,"Northampton"
"54073",1346,72,"Pleasants"
"45051",3046,8720,"Horry"
"02130",1999,205,"Ketchikan Gateway"
"05087",2928,221,"Madison"
"06029",1891,24573,"Kern"
"12083",2882,10106,"Marion"
"17039",2321,169,"De Witt"
"28007",2534,93,"Attala"
"21121",2804,195,"Knox"
"21113",3620,1173,"Jessamine"
"22093",3909,219,"St. James"
"22095",4761,720,"St. John the Baptist"
"23019",1531,1981,"Penobscot"
"28097",NA,NA,"Montgomery"
"31053",3638,514,"Dodge"
"29219",2724,975,"Warren"
"35061",2470,1475,"Valencia"
"37167",1860,1186,"Stanly"
"38061",2154,47,"Mountrail"
"31089",3230,57,"Holt"
"39151",1654,9252,"Stark"
"42119",1606,399,"Union"
"42065",1234,286,"Jefferson"
"45067",2382,300,"Marion"
"47141",2126,1479,"Putnam"
"48113",2844,26051,"Dallas"
"48491",2321,10698,"Williamson"
"17137",2403,125,"Morgan"
"18101",2222,146,"Martin"
"29057",NA,NA,"Dade"
"18113",1960,655,"Noble"
"20095",2955,117,"Kingman"
"21129",NA,NA,"Lee"
"20043",NA,NA,"Doniphan"
"28151",2956,272,"Washington"
"21103",2445,279,"Henry"
"29215",2499,156,"Texas"
"35051",1747,97,"Sierra"
"30033",NA,NA,"Garfield"
"39141",2039,958,"Ross"
"35028",2781,498,"Los Alamos"
"40123",3430,453,"Pontotoc"
"45075",2249,937,"Orangeburg"
"46067",NA,NA,"Hutchinson"
"47149",2819,9727,"Rutherford"
"51173",1635,391,"Smyth"
"48131",NA,NA,"Duval"
"48465",1814,677,"Val Verde"
"49013",2096,360,"Duchesne"
"49023",1982,251,"Juab"
"55111",1749,700,"Sauk"
"72035",NA,NA,"Cayey"
"01079",2472,565,"Lawrence"
"01085",3030,57,"Lowndes"
"51091",2083,31,"Highland"
"53041",2177,2264,"Lewis"
"18103",2069,454,"Miami"
"18159",2277,246,"Tipton"
"18139",2229,301,"Rush"
"48039",3124,6612,"Brazoria"
"48245",2666,3625,"Jefferson"
"06105",3489,246,"Trinity"
"08027",3531,175,"Custer"
"13079",2317,240,"Crawford"
"16023",2055,44,"Butte"
"16085",2722,259,"Valley"
"33013",2546,3253,"Merrimack"
"28071",3670,720,"Lafayette"
"20145",NA,NA,"Pawnee"
"20029",2659,78,"Cloud"
"20111",2631,411,"Lyon"
"21169",2261,40,"Metcalfe"
"29139",2473,154,"Montgomery"
"22059",2206,108,"LaSalle"
"29077",2495,7904,"Greene"
"53061",2120,22332,"Snohomish"
"51149",2252,1221,"Prince George"
"55107",1927,123,"Rusk"
"55031",1768,773,"Douglas"
"54013",NA,NA,"Calhoun"
"56007",2146,455,"Carbon"
"34033",2315,1853,"Salem"
"08061",NA,NA,"Kiowa"
"26089",2563,187,"Leelanau"
"27117",3143,90,"Pipestone"
"39039",2132,395,"Defiance"
"37191",2302,3699,"Wayne"
"21157",2915,466,"Marshall"
"21177",2823,259,"Muhlenberg"
"40053",NA,NA,"Grant"
"13175",2343,887,"Laurens"
"21203",2052,51,"Rockcastle"
"51750",1755,334,"Radford"
"46105",NA,NA,"Perkins"
"41023",NA,NA,"Grant"
"13177",2053,1221,"Lee"
"29113",2554,1450,"Lincoln"
"01049",2483,827,"DeKalb"
"05015",2845,332,"Carroll"
"05041",2647,69,"Desha"
"08017",NA,NA,"Cheyenne"
"12085",6182,3165,"Martin"
"12031",3480,21571,"Duval"
"48455",2613,82,"Trinity"
"48373",2628,329,"Polk"
"55139",1539,2703,"Winnebago"
"72027",NA,NA,"Camuy"
"48077",2877,149,"Clay"
"55133",1877,9057,"Waukesha"
"51650",2696,5632,"Hampton"
"55047",1640,191,"Green Lake"
"53011",1848,14032,"Clark"
"26155",2821,1362,"Shiawassee"
"08023",NA,NA,"Costilla"
"27081",2906,51,"Lincoln"
"37119",2614,30514,"Mecklenburg"
"27035",2909,1616,"Crow Wing"
"28127",3168,165,"Simpson"
"13007",NA,NA,"Baker"
"21003",2926,213,"Allen"
"21039",NA,NA,"Carlisle"
"29045",NA,NA,"Clark"
"22009",2270,347,"Avoyelles"
"31077",NA,NA,"Greeley"
"23025",1748,411,"Somerset"
"05125",2662,3915,"Saline"
"44007",2396,9451,"Providence"
"48163",3034,79,"Frio"
"20181",NA,NA,"Sherman"
"01023",2448,32,"Choctaw"
"42049",1348,3828,"Erie"
"51620",1893,150,"Franklin"
"01097",2998,8751,"Mobile"
"04005",2458,2918,"Coconino"
"06111",2537,13935,"Ventura"
"08081",1969,404,"Moffat"
"11001",2725,11691,"District of Columbia"
"17059",NA,NA,"Gallatin"
"22031",2261,463,"De Soto"
"23027",2032,535,"Waldo"
"24031",3332,34003,"Montgomery"
"25003",2097,1273,"Berkshire"
"27167",2821,87,"Wilkin"
"29005",NA,NA,"Atchison"
"31131",3243,281,"Otoe"
"33003",2390,904,"Carroll"
"34011",1947,3721,"Cumberland"
"30057",2934,222,"Madison"
"34005",2345,16143,"Burlington"
"36103",3506,41212,"Suffolk"
"01121",2418,1144,"Talladega"
"46127",3619,325,"Union"
"51013",3217,5143,"Arlington"
"53029",2171,2410,"Island"
"46023",NA,NA,"Charles Mix"
"02230",NA,NA,"Skagway"
"31081",3433,122,"Hamilton"
"17143",2391,2192,"Peoria"
"17113",2520,3152,"McLean"
"20171",NA,NA,"Scott"
"20059",2670,592,"Franklin"
"34017",2878,3035,"Hudson"
"21143",3078,140,"Lyon"
"21233",2697,56,"Webster"
"21209",2435,1723,"Scott"
"21185",3063,2386,"Oldham"
"21077",2504,148,"Gallatin"
"26125",3032,28016,"Oakland"
"28065",3126,43,"Jefferson Davis"
"21111",2385,22518,"Jefferson"
"22013",2035,105,"Bienville"
"30013",2477,3169,"Cascade"
"35047",2980,188,"San Miguel"
"37151",1867,3435,"Randolph"
"31099",3662,71,"Kearney"
"40063",3307,51,"Hughes"
"42099",1513,1058,"Perry"
"42011",1778,11817,"Berks"
"45015",2748,6350,"Berkeley"
"51107",3077,14477,"Loudoun"
"48149",2614,209,"Fayette"
"48081",NA,NA,"Coke"
"48299",2419,321,"Llano"
"48363",3168,322,"Palo Pinto"
"49055",NA,NA,"Wayne"
"31045",3534,77,"Dawes"
"42063",1524,729,"Indiana"
"48247",NA,NA,"Jim Hogg"
"41047",1548,8504,"Marion"
"72023",NA,NA,"Cabo Rojo"
"42067",1234,235,"Juniata"
"18145",2287,972,"Shelby"
"29095",3096,20691,"Jackson"
"29221",2448,172,"Washington"
"29105",2435,621,"Laclede"
"42081",1272,1758,"Lycoming"
"29121",2342,122,"Macon"
"22117",3152,478,"Washington"
"51147",1907,384,"Prince Edward"
"42091",2505,26630,"Montgomery"
"27163",3727,9439,"Washington"
"51153",2506,15929,"Prince William"
"05001",2604,167,"Arkansas"
"24033",2730,31892,"Prince George's"
"34015",2143,11173,"Gloucester"
"37199",2048,212,"Yancey"
"39019",2006,413,"Carroll"
"05011",2819,53,"Bradley"
"12009",4077,20050,"Brevard"
"06025",1946,3845,"Imperial"
"47117",2054,909,"Marshall"
"16009",2052,154,"Benewah"
"40045",NA,NA,"Ellis"
"40059",NA,NA,"Harper"
"16013",2486,448,"Blaine"
"30095",3483,236,"Stillwater"
"13001",2393,183,"Appling"
"39001",2294,193,"Adams"
"40153",3261,279,"Woodward"
"31121",2950,80,"Merrick"
"05133",3002,83,"Sevier"
"45071",1989,700,"Newberry"
"46125",3727,123,"Turner"
"47027",1990,77,"Clay"
"47025",2175,335,"Claiborne"
"48415",2281,186,"Scurry"
"72143",NA,NA,"Vega Alta"
"40023",2908,67,"Choctaw"
"38067",2099,45,"Pembina"
"40041",3236,481,"Delaware"
"41043",1417,3354,"Linn"
"50009",NA,NA,"Essex"
"29201",2319,635,"Scott"
"51099",2337,1124,"King George"
"53025",2193,1532,"Grant"
"51105",1797,143,"Lee"
"53059",2256,309,"Skamania"
"29041",NA,NA,"Chariton"
"50011",NA,NA,"Franklin"
"41017",1945,4913,"Deschutes"
"29131",2762,408,"Miller"
"41025",1974,98,"Harney"
"29055",2505,256,"Crawford"
"21171",NA,NA,"Monroe"
"16031",1757,220,"Cassia"
"16017",2110,1214,"Bonner"
"18115",2084,84,"Ohio"
"20187",NA,NA,"Stanton"
"21191",2365,189,"Pendleton"
"24019",2347,915,"Dorchester"
"26109",2929,295,"Menominee"
"27043",2796,205,"Faribault"
"28005",3178,45,"Amite"
"29143",2532,130,"New Madrid"
"34007",2178,17346,"Camden"
"39123",1896,594,"Ottawa"
"37003",2071,706,"Alexander"
"39171",1618,481,"Williams"
"45049",2110,102,"Hampton"
"45037",2153,669,"Edgefield"
"48205",3198,30,"Hartley"
"51199",2865,2580,"York"
"53057",2135,3383,"Skagit"
"47147",2411,2734,"Robertson"
"55023",2009,96,"Crawford"
"01055",2462,1903,"Etowah"
"01057",2680,174,"Fayette"
"04007",2152,1214,"Gila"
"08053",NA,NA,"Hinsdale"
"08031",4102,16741,"Denver"
"12119",2687,2376,"Sumter"
"13195",2332,764,"Madison"
"17201",2282,5479,"Winnebago"
"24041",3410,1350,"Talbot"
"20169",2475,961,"Saline"
"17193",2582,69,"White"
"24510",2485,14461,"Baltimore"
"20017",NA,NA,"Chase"
"48087",NA,NA,"Collingsworth"
"41067",1653,12236,"Washington"
"30069",NA,NA,"Petroleum"
"27107",2471,55,"Norman"
"30097",2879,59,"Sweet Grass"
"30093",2113,1171,"Silver Bow"
"41039",1548,9300,"Lane"
"25017",2856,25167,"Middlesex"
"41029",1580,5172,"Jackson"
"50027",NA,NA,"Windsor"
"42055",1337,3437,"Franklin"
"51159",1943,173,"Richmond"
"28055",NA,NA,"Issaquena"
"23015",2072,445,"Lincoln"
"13115",2229,2496,"Floyd"
"16039",1620,843,"Elmore"
"47033",2405,218,"Crockett"
"50025",NA,NA,"Windham"
"25005",2767,12010,"Bristol"
"13129",2033,1445,"Gordon"
"16043",1950,198,"Fremont"
"17145",2603,106,"Perry"
"31031",3150,46,"Cherry"
"21151",2222,1909,"Madison"
"29073",2302,203,"Gasconade"
"12129",3258,925,"Wakulla"
"13287",2728,66,"Turner"
"13315",NA,NA,"Wilcox"
"15001",2707,2891,"Hawaii"
"72017",NA,NA,"Barceloneta"
"28001",2885,301,"Adams"
"28011",2731,205,"Bolivar"
"46045",NA,NA,"Edmunds"
"46089",NA,NA,"McPherson"
"28039",3095,164,"George"
"28041",3235,52,"Greene"
"28047",3993,4106,"Harrison"
"13131",2261,349,"Grady"
"72115",NA,NA,"Quebradillas"
"72147",NA,NA,"Vieques"
"72069",NA,NA,"Humacao"
"46063",NA,NA,"Harding"
"46075",NA,NA,"Jones"
"49037",1977,106,"San Juan"
"17081",2568,233,"Jefferson"
"47007",2246,152,"Bledsoe"
"35035",2287,1945,"Otero"
"38057",3285,76,"Mercer"
"18127",2334,5485,"Porter"
"35053",2244,113,"Socorro"
"21047",2724,1587,"Christian"
"46031",NA,NA,"Corson"
"16047",1659,180,"Gooding"
"47061",2296,133,"Grundy"
"37001",2068,4820,"Alamance"
"37007",1962,226,"Anson"
"21059",2531,1482,"Daviess"
"06005",3496,1437,"Amador"
"47049",2138,299,"Fentress"
"53053",2069,24748,"Pierce"
"22015",2639,3678,"Bossier"
"35003",NA,NA,"Catron"
"21075",NA,NA,"Fulton"
"35057",2575,163,"Torrance"
"19159",NA,NA,"Ringgold"
"16045",1828,430,"Gem"
"16079",1893,329,"Shoshone"
"37065",2220,669,"Edgecombe"
"16083",1629,1363,"Twin Falls"
"37195",1907,2173,"Wilson"
"24017",2824,7035,"Charles"
"16035",1899,127,"Clearwater"
"47121",2346,170,"Meigs"
"47143",2058,642,"Rhea"
"47069",2785,244,"Hardeman"
"17131",2453,180,"Mercer"
"24021",2420,11604,"Frederick"
"16087",2002,199,"Washington"
"17151",NA,NA,"Pope"
"24025",2539,9148,"Harford"
"46041",NA,NA,"Dewey"
"46055",NA,NA,"Haakon"
"17173",2632,99,"Shelby"
"46069",NA,NA,"Hyde"
"22119",2223,510,"Webster"
"47111",2231,464,"Macon"
"46071",NA,NA,"Jackson"
"26023",NA,NA,"Branch"
"24039",2539,378,"Somerset"
"22019",3745,4384,"Calcasieu"
"06113",1997,4926,"Yolo"
"12055",3143,2091,"Highlands"
"15007",3347,890,"Kauai"
"20085",2853,235,"Jackson"
"21043",2136,144,"Carter"
"48433",NA,NA,"Stonewall"
"55081",1980,625,"Monroe"
"55095",2089,923,"Polk"
"18029",2419,892,"Dearborn"
"20147",NA,NA,"Phillips"
"21135",2421,45,"Lewis"
"30025",3235,40,"Fallon"
"04001",2303,235,"Apache"
"27019",3856,4045,"Carver"
"25009",2985,16786,"Essex"
"45001",1950,332,"Abbeville"
"42013",1322,2660,"Blair"
"47053",2538,971,"Gibson"
"48001",2320,491,"Anderson"
"45005",NA,NA,"Allendale"
"48003",2494,340,"Andrews"
"47009",2145,4410,"Blount"
"45007",1938,5546,"Anderson"
"45009",2301,88,"Bamberg"
"47019",1822,839,"Carter"
"48007",3774,337,"Aransas"
"46115",3314,28,"Spink"
"50005",NA,NA,"Caledonia"
"50015",NA,NA,"Lamoille"
"55101",1876,3786,"Racine"
"51023",1753,1323,"Botetourt"
"50023",NA,NA,"Washington"
"50013",NA,NA,"Grand Isle"
"31173",3516,30,"Thurston"
"32001",1510,775,"Churchill"
"32027",1683,44,"Pershing"
"55029",1748,343,"Door"
"48405",NA,NA,"San Augustine"
"72109",NA,NA,"Patillas"
"72139",NA,NA,"Trujillo Alto"
"30067",2873,446,"Park"
"13211",2466,537,"Morgan"
"28027",3297,73,"Coahoma"
"38005",NA,NA,"Benson"
"38081",NA,NA,"Sargent"
"02180",NA,NA,"Nome"
"22063",3031,3528,"Livingston"
"21205",NA,NA,"Rowan"
"21147",2270,80,"McCreary"
"45045",1951,16155,"Greenville"
"51019",2006,3149,"Bedford"
"72013",NA,NA,"Arecibo"
"35011",NA,NA,"De Baca"
"13241",2388,325,"Rabun"
"31125",NA,NA,"Nance"
"53035",1864,7909,"Kitsap"
"41005",1902,10513,"Clackamas"
"20011",NA,NA,"Bourbon"
"26103",2193,373,"Marquette"
"35045",1759,1945,"San Juan"
"48075",NA,NA,"Childress"
"16067",1507,174,"Minidoka"
"35017",1916,390,"Grant"
"42123",1602,306,"Warren"
"08037",4469,755,"Eagle"
"21159",NA,NA,"Martin"
"17063",2863,1286,"Grundy"
"13257",2174,422,"Stephens"
"09003",2420,20292,"Hartford"
"19145",2929,169,"Page"
"26157",2690,637,"Tuscola"
"37173",2047,115,"Swain"
"47013",2063,583,"Campbell"
"47097",2290,257,"Lauderdale"
"02020",2083,8712,"Anchorage"
"13135",2899,27606,"Gwinnett"
"16005",1624,1500,"Bannock"
"36043",1568,727,"Herkimer"
"26065",2186,4409,"Ingham"
"25023",3363,15355,"Plymouth"
"46135",NA,NA,"Yankton"
"48013",2514,600,"Atascosa"
"48015",2701,313,"Austin"
"48019",2650,289,"Bandera"
"47057",1909,338,"Grainger"
"42023",NA,NA,"Cameron"
"47059",1996,1038,"Greene"
"02105",NA,NA,"Hoonah-Angoon"
"46033",3778,140,"Custer"
"72133",NA,NA,"Santa Isabel"
"02090",2354,2025,"Fairbanks North Star"
"16029",1859,117,"Caribou"
"13185",2068,3334,"Lowndes"
"13107",2600,191,"Emanuel"
"13263",2464,104,"Talbot"
"39015",2045,693,"Brown"
"13229",2140,341,"Pierce"
"15005",NA,NA,"Kalawao"
"15009",3369,2094,"Maui"
"41051",1628,18925,"Multnomah"
"72141",NA,NA,"Utuado"
"72081",NA,NA,"Lares"
"72117",NA,NA,"Rincón"
"54109",NA,NA,"Wyoming"
"34037",2219,6023,"Sussex"
"01007",2465,262,"Bibb"
"29111",NA,NA,"Lewis"
"05073",NA,NA,"Lafayette"
"19155",2896,2266,"Pottawattamie"
"26115",2815,3484,"Monroe"
"29183",3009,13395,"St. Charles"
"39007",1894,1642,"Ashtabula"
"45043",4145,1271,"Georgetown"
"06047",1652,8175,"Merced"
"19183",2590,171,"Washington"
"31137",3544,98,"Phelps"
"28123",3128,127,"Scott"
"40031",3431,2518,"Comanche"
"51007",1979,531,"Amelia"
"50017",NA,NA,"Orange"
"17093",2945,3938,"Kendall"
"10001",2092,5405,"Kent"
"29053",2278,267,"Cooper"
"22123",2199,54,"West Carroll"
"16025",NA,NA,"Camas"
"55137",1829,327,"Waushara"
"17015",2367,117,"Carroll"
"51113",1865,552,"Madison"
"25013",2139,8526,"Hampden"
"51119",2346,349,"Middlesex"
"38077",2503,260,"Richland"
"47071",2656,508,"Hardin"
"45027",2351,379,"Clarendon"
"46061",NA,NA,"Hanson"
"46077",NA,NA,"Kingsbury"
"45031",2101,973,"Darlington"
"45033",2261,177,"Dillon"
"47085",2489,346,"Humphreys"
"47089",2011,1152,"Jefferson"
"27069",NA,NA,"Kittson"
"42035",1443,403,"Clinton"
"49021",1629,1437,"Iron"
"29027",2225,549,"Callaway"
"47093",2005,14976,"Knox"
"51760",2189,6685,"Richmond"
"33011",2374,10254,"Hillsborough"
"49005",1621,3123,"Cache"
"47091",2252,199,"Johnson"
"12029",3578,87,"Dixie"
"27021",2848,605,"Cass"
"27057",2792,332,"Hubbard"
"27071",2381,146,"Koochiching"
"56035",2394,244,"Sublette"
"30043",3003,397,"Jefferson"
"48453",2466,12292,"Travis"
"48479",1719,2996,"Webb"
"16073",1902,179,"Owyhee"
"25015",2368,1773,"Hampshire"
"05013",NA,NA,"Calhoun"
"05145",2619,1787,"White"
"13293",2179,377,"Upson"
"13125",NA,NA,"Glascock"
"22045",4166,852,"Iberia"
"29035",NA,NA,"Carter"
"05089",2680,216,"Marion"
"48327",NA,NA,"Menard"
"08041",4340,23694,"El Paso"
"06081",2644,4372,"San Mateo"
"18061",2301,1246,"Harrison"
"33005",2041,1356,"Cheshire"
"38025",3015,37,"Dunn"
"45073",1952,1572,"Oconee"
"13159",2336,449,"Jasper"
"21045",2528,96,"Casey"
"29075",2532,64,"Gentry"
"47037",2487,16723,"Davidson"
"02240",NA,NA,"Southeast Fairbanks"
"06101",1896,3222,"Sutter"
"20067",2703,68,"Grant"
"29065",2238,113,"Dent"
"34003",2937,21056,"Bergen"
"48169",NA,NA,"Garza"
"20019",NA,NA,"Chautauqua"
"05071",2622,300,"Johnson"
"36091",1761,4208,"Saratoga"
"05019",2626,263,"Clark"
"34035",2647,8703,"Somerset"
"45081",2310,191,"Saluda"
"05093",NA,NA,"Mississippi"
"13163",2593,155,"Jefferson"
"56013",2430,686,"Fremont"
"46102",NA,NA,"Oglala Lakota"
"37107",2414,996,"Lenoir"
"49027",2094,196,"Millard"
"30077",2317,70,"Powell"
"48377",NA,NA,"Presidio"
"29033",NA,NA,"Carroll"
"31111",3298,484,"Lincoln"
"46043",NA,NA,"Douglas"
"18085",2033,1184,"Kosciusko"
"06017",3978,6048,"El Dorado"
"17021",2290,235,"Christian"
"19187",2347,660,"Webster"
"47095",NA,NA,"Lake"
"26005",3345,259,"Allegan"
"45057",2075,2869,"Lancaster"
"04027",1596,5844,"Yuma"
"19119",2818,68,"Lyon"
"29133",2092,97,"Mississippi"
"53051",2475,301,"Pend Oreille"
"30073",2196,97,"Pondera"
"32019",1457,1866,"Lyon"
"37047",2843,636,"Columbus"
"38101",2267,1265,"Ward"
"26063",2028,223,"Huron"
"39097",2459,890,"Madison"
"23029",2051,234,"Washington"
"38055",2657,73,"McLean"
"51145",2240,1861,"Powhatan"
"30017",2856,242,"Custer"
"48071",2956,895,"Chambers"
"06085",2296,11834,"Santa Clara"
"19195",2537,85,"Worth"
"21139",2572,108,"Livingston"
"21145",3035,1265,"McCracken"
"49035",1816,33845,"Salt Lake"
"27047",2512,545,"Freeborn"
"21221",3053,313,"Trigg"
"25001",3237,5025,"Barnstable"
"41049",1830,175,"Morrow"
"21007",3147,102,"Ballard"
"27115",2894,587,"Pine"
"13051",3468,8125,"Chatham"
"31103",NA,NA,"Keya Paha"
"42047",1469,190,"Elk"
"08021",2363,36,"Conejos"
"25025",3255,2343,"Suffolk"
"18021",2326,291,"Clay"
"38105",2394,657,"Williams"
"05027",2872,169,"Columbia"
"31029",NA,NA,"Chase"
"42003",1849,29204,"Allegheny"
"18129",2354,394,"Posey"
"27045",2639,269,"Fillmore"
"41019",1632,2442,"Douglas"
"12033",4130,7593,"Escambia"
"06063",2837,526,"Plumas"
"29179",NA,NA,"Reynolds"
"41061",1675,535,"Union"
"48409",2709,1206,"San Patricio"
"30051",NA,NA,"Liberty"
"39127",2021,378,"Perry"
"45013",4359,4078,"Beaufort"
"16065",1895,376,"Madison"
"18059",2507,2225,"Hancock"
"22109",4714,1800,"Terrebonne"
"30027",2409,325,"Fergus"
"42053",1370,26,"Forest"
"47079",2412,528,"Henry"
"42025",1578,1324,"Carbon"
"47163",1685,3312,"Sullivan"
"31105",3401,66,"Kimball"
"50001",NA,NA,"Addison"
"53077",2101,4268,"Yakima"
"56005",3196,1421,"Campbell"
"08055",3466,107,"Huerfano"
"40069",2884,57,"Johnston"
"01083",2729,3604,"Limestone"
"20025",NA,NA,"Clark"
"29031",2510,2090,"Cape Girardeau"
"54069",1615,718,"Ohio"
"06061",2527,14382,"Placer"
"16053",1698,320,"Jerome"
"13033",2368,304,"Burke"
"13037",NA,NA,"Calhoun"
"51081",1881,117,"Greensville"
"08115",NA,NA,"Sedgwick"
"13119",2187,444,"Franklin"
"36071",2117,8583,"Orange"
"40143",3138,12684,"Tulsa"
"05003",2780,211,"Ashley"
"47181",2276,169,"Wayne"
"45065",2192,95,"McCormick"
"45085",2082,2685,"Sumter"
"13139",3002,6276,"Hall"
"13153",2695,6333,"Houston"
"39063",1936,1276,"Hancock"
"13239",NA,NA,"Quitman"
"48303",2680,7798,"Lubbock"
"47129",2212,237,"Morgan"
"54023",NA,NA,"Grant"
"17073",2386,617,"Henry"
"21065",NA,NA,"Estill"
"39137",2216,160,"Putnam"
"47073",1734,851,"Hawkins"
"48109",NA,NA,"Culberson"
"30001",2273,187,"Beaverhead"
"54041",1668,127,"Lewis"
"54007",NA,NA,"Braxton"
"51017",1863,71,"Bath"
"41007",1897,1091,"Clatsop"
"13205",2647,211,"Mitchell"
"53075",2098,545,"Whitman"
"46021",NA,NA,"Campbell"
"40081",3469,504,"Lincoln"
"40151",2726,70,"Woods"
"35055",2639,309,"Taos"
"40085",2819,69,"Love"
"23011",1629,1858,"Kennebec"
"13093",2854,60,"Dooly"
"13039",2706,1730,"Camden"
"27145",2833,3874,"Stearns"
"37011",2128,240,"Avery"
"02050",NA,NA,"Bethel"
"16059",1911,187,"Lemhi"
"22081",2340,33,"Red River"
"37101",2007,7233,"Johnston"
"17155",2484,31,"Putnam"
"17189",2902,128,"Washington"
"47137",NA,NA,"Pickett"
"23023",1846,801,"Sagadahoc"
"30023",1995,269,"Deer Lodge"
"30053",2549,468,"Lincoln"
"25021",3024,14166,"Norfolk"
"72057",NA,NA,"Guayama"
"34041",2180,3410,"Warren"
"05107",2943,103,"Phillips"
"02170",2261,3598,"Matanuska-Susitna"
"46109",NA,NA,"Roberts"
"39061",2244,14249,"Hamilton"
"49019",1539,144,"Grand"
"53047",2830,558,"Okanogan"
"49029",2056,344,"Morgan"
"31107",2730,60,"Knox"
"32015",2058,76,"Lander"
"13271",2555,56,"Telfair"
"30109",NA,NA,"Wibaux"
"22053",3296,424,"Jefferson Davis"
"29011",2479,127,"Barton"
"51163",1718,443,"Rockbridge"
"55059",1597,3301,"Kenosha"
"33007",1993,390,"Coos"
"37023",1955,1750,"Burke"
"29186",2477,217,"Ste. Genevieve"
"38073",2631,71,"Ransom"
"36083",1561,1925,"Rensselaer"
"48197",NA,NA,"Hardeman"
"05069",2781,1164,"Jefferson"
"29510",2514,6472,"St. Louis"
"22101",4673,464,"St. Mary"
"01051",2352,2464,"Elmore"
"37061",2457,667,"Duplin"
"22069",2725,533,"Natchitoches"
"25007",4515,248,"Dukes"
"41035",1677,1731,"Klamath"
"17075",2356,244,"Iroquois"
"48271",NA,NA,"Kinney"
"01061",2543,436,"Geneva"
"51001",2285,741,"Accomack"
"19079",2759,152,"Hamilton"
"51051",NA,NA,"Dickenson"
"13045",2279,3517,"Carroll"
"08111",NA,NA,"San Juan"
"12101",3783,15735,"Pasco"
"13109",2222,115,"Evans"
"36057",2140,520,"Montgomery"
"06069",2466,2261,"San Benito"
"13049",2214,130,"Charlton"
"29071",2525,1841,"Franklin"
"16063",1692,44,"Lincoln"
"17097",3647,17245,"Lake"
"47107",2126,1145,"McMinn"
"33001",2214,1302,"Belknap"
"38031",NA,NA,"Foster"
"35037",2680,50,"Quay"
"02275",NA,NA,"Wrangell"
"39087",1961,672,"Lawrence"
"38103",NA,NA,"Wells"
"36053",1624,803,"Madison"
"51009",1491,1160,"Amherst"
"40099",3209,150,"Murray"
"01133",3194,201,"Winston"
"54043",NA,NA,"Lincoln"
"01129",3155,101,"Washington"
"30055",NA,NA,"McCone"
"37133",2881,7051,"Onslow"
"47123",2247,755,"Monroe"
"53033",2277,48924,"King"
"39095",1697,7105,"Lucas"
"06033",3134,1409,"Lake"
"28113",3119,357,"Pike"
"46129",NA,NA,"Walworth"
"36085",2596,8311,"Richmond"
"05079",2574,70,"Lincoln"
"37115",2169,365,"Madison"
"40009",3364,343,"Beckham"
"10005",2007,6613,"Sussex"
"48105",NA,NA,"Crockett"
"37155",2654,1292,"Robeson"
"27023",2869,219,"Chippewa"
"49039",1856,522,"Sanpete"
"21183",2511,208,"Ohio"
"48365",2291,218,"Panola"
"48137",NA,NA,"Edwards"
"21027",2478,231,"Breckinridge"
"45011",2268,187,"Barnwell"
"47039",2450,159,"Decatur"
"72085",NA,NA,"Las Piedras"
"48147",2969,455,"Fannin"
"32013",1557,283,"Humboldt"
"19177",NA,NA,"Van Buren"
"01005",2392,211,"Barbour"
"56043",2305,201,"Washakie"
"20167",NA,NA,"Russell"
"38011",2594,34,"Bowman"
"19163",2327,3949,"Scott"
"01071",2364,645,"Jackson"
"17141",2776,765,"Ogle"
"06045",3048,1519,"Mendocino"
"27135",2730,109,"Roseau"
"29037",2939,4621,"Cass"
"27169",2760,638,"Winona"
"42027",1414,2500,"Centre"
"30009",3212,289,"Carbon"
"40061",3657,60,"Haskell"
"40077",3085,38,"Latimer"
"51139",1943,693,"Page"
"39009",2269,377,"Athens"
"29093",2645,57,"Iron"
"06055",2430,2903,"Napa"
"30029",2343,2739,"Flathead"
"48301",NA,NA,"Loving"
"08001",3815,14041,"Adams"
"22067",2327,264,"Morehouse"
"51735",3758,644,"Poquoson"
"29157",2040,478,"Perry"
"36119",5903,16100,"Westchester"
"22087",4229,1005,"St. Bernard"
"48305",3528,66,"Lynn"
"02150",1941,340,"Kodiak Island"
"02164",NA,NA,"Lake and Peninsula"
"51171",1892,1704,"Shenandoah"
"28079",2719,151,"Leake"
"48157",3608,13633,"Fort Bend"
"51005",1557,295,"Alleghany"
"18007",2313,107,"Benton"
"19021",2430,118,"Buena Vista"
"21227",2566,3173,"Warren"
"56045",2893,105,"Weston"
"13299",2012,512,"Ware"
"37043",2225,232,"Clay"
"53013",2414,66,"Columbia"
"06007",2645,4712,"Butte"
"37123",2338,253,"Montgomery"
"48121",3592,22374,"Denton"
"55083",1777,701,"Oconto"
"13005",2291,77,"Bacon"
"47109",2340,342,"McNairy"
"01067",2460,394,"Henry"
"19141",2617,71,"O'Brien"
"13199",2402,525,"Meriwether"
"13207",2417,645,"Monroe"
"39059",1925,423,"Guernsey"
"13215",2162,5493,"Muscogee"
"13221",2411,415,"Oglethorpe"
"39017",2246,8085,"Butler"
"12086",6375,34441,"Miami-Dade"
"13259",NA,NA,"Stewart"
"48505",1617,25,"Zapata"
"39107",1933,239,"Mercer"
"09011",2882,6250,"New London"
"05149",2678,246,"Yell"
"01017",2101,569,"Chambers"
"08069",3673,9788,"Larimer"
"18173",2481,1517,"Warrick"
"21123",2595,214,"Larue"
"48153",NA,NA,"Floyd"
"12013",4071,98,"Calhoun"
"21195",2866,283,"Pike"
"22033",2922,9424,"East Baton Rouge"
"37037",2437,2455,"Chatham"
"46085",NA,NA,"Lyman"
"54017",NA,NA,"Doddridge"
"55055",1781,1319,"Jefferson"
"18155",2459,113,"Switzerland"
"20159",NA,NA,"Rice"
"37067",1847,11952,"Forsyth"
"05123",2431,185,"St. Francis"
"48267",NA,NA,"Kimble"
"12021",5250,7468,"Collier"
"17033",2276,73,"Crawford"
"30105",2603,125,"Valley"
"42039",1919,792,"Crawford"
"47139",2517,262,"Polk"
"27053",3548,39855,"Hennepin"
"26149",2682,675,"St. Joseph"
"26159",3134,928,"Van Buren"
"21225",2653,95,"Union"
"17031",3740,84018,"Cook"
"17043",2887,22612,"DuPage"
"17065",NA,NA,"Hamilton"
"27009",3038,1234,"Benton"
"37035",1818,4786,"Catawba"
"37057",1664,4601,"Davidson"
"21023",2258,70,"Bracken"
"21017",2746,280,"Bourbon"
"23003",1643,449,"Aroostook"
"13025",2495,194,"Brantley"
"22035",NA,NA,"East Carroll"
"01019",2430,349,"Cherokee"
"26121",2395,2637,"Muskegon"
"31147",3167,54,"Richardson"
"51550",2644,11412,"Chesapeake"
"05061",2761,118,"Howard"
"21061",2544,173,"Edmonson"
"27129",3107,166,"Renville"
"40117",3778,173,"Pawnee"
"48035",2764,214,"Bosque"
"48457",2496,137,"Tyler"
"54057",1511,173,"Mineral"
"18051",2221,496,"Gibson"
"13029",2712,1553,"Bryan"
"01041",2453,138,"Crenshaw"
"12099",6326,27943,"Palm Beach"
"08075",4065,425,"Logan"
"13031",2750,1624,"Bulloch"
"12087",9400,1594,"Monroe"
"20139",2891,278,"Osage"
"02158",NA,NA,"Kusilvak"
"55051",1661,72,"Iron"
"01063",NA,NA,"Greene"
"01089",2956,13603,"Madison"
"28119",NA,NA,"Quitman"
"28143",2596,41,"Tunica"
"29171",NA,NA,"Putnam"
"54085",NA,NA,"Ritchie"
"30019",NA,NA,"Daniels"
"30079",NA,NA,"Prairie"
"30085",NA,NA,"Roosevelt"
"51021",1538,63,"Bland"
"51015",1641,2271,"Augusta"
"54047",NA,NA,"McDowell"
"54091",1692,183,"Taylor"
"54103",1640,56,"Wetzel"
"47011",1966,2294,"Bradley"
"08117",4887,520,"Summit"
"48173",NA,NA,"Glasscock"
"08035",5688,11207,"Douglas"
"27013",2663,1964,"Blue Earth"
"27041",2965,861,"Douglas"
"21031",2627,95,"Butler"
"49047",1791,708,"Uintah"
"48323",1614,484,"Maverick"
"12121",3250,322,"Suwannee"
"51127",2015,1204,"New Kent"
"53027",1962,1702,"Grays Harbor"
"12109",3714,9497,"St. Johns"
"53031",2144,504,"Jefferson"
"53067",1923,8213,"Thurston"
"53073",2033,4714,"Whatcom"
"55009",1551,4986,"Brown"
"13313",1889,2189,"Whitfield"
"50003",NA,NA,"Bennington"
"13123",2483,699,"Gilmer"
"54035",1739,391,"Jackson"
"20131",NA,NA,"Nemaha"
"17179",2285,1928,"Tazewell"
"41031",1737,476,"Jefferson"
"49009",NA,NA,"Daggett"
"23031",1759,4475,"York"
"32021",1702,40,"Mineral"
"42051",1565,1376,"Fayette"
"12105",3328,16006,"Polk"
"18027",2214,476,"Daviess"
"21081",2443,491,"Grant"
"37135",2380,4035,"Orange"
"42021",1253,2034,"Cambria"
"53045",2005,1695,"Mason"
"06103",2503,1484,"Tehama"
"06051",3930,177,"Mono"
"18109",2553,1802,"Morgan"
"29019",2381,3292,"Boone"
"18133",2446,674,"Putnam"
"19057",2037,445,"Des Moines"
"51161",1856,3622,"Roanoke"
"31119",3518,520,"Madison"
"29069",NA,NA,"Dunklin"
"37005",1905,208,"Alleghany"
"37171",1907,1412,"Surry"
"30039",2685,77,"Granite"
"31123",3103,36,"Morrill"
"34021",2596,8536,"Mercer"
"29109",2408,733,"Lawrence"
"05023",2673,679,"Cleburne"
"48061",2423,4784,"Cameron"
"22089",5341,1511,"St. Charles"
"48257",2876,3681,"Kaufman"
"36065",2098,2460,"Oneida"
"40051",3793,1074,"Grady"
"37113",1912,630,"Macon"
"36039",1765,426,"Greene"
"40017",3559,4439,"Canadian"
"42127",1975,705,"Wayne"
"17037",2417,2061,"DeKalb"
"19189",2615,66,"Winnebago"
"47153",2900,328,"Sequatchie"
"21119",NA,NA,"Knott"
"26059",2474,449,"Hillsdale"
"13101",2152,56,"Echols"
"21019",2463,655,"Boyd"
"48009",2676,108,"Archer"
"46081",3639,458,"Lawrence"
"30031",3232,2707,"Gallatin"
"39175",1803,210,"Wyandot"
"34009",2790,2449,"Cape May"
"27089",2545,97,"Marshall"
"12123",3336,208,"Taylor"
"42033",1309,691,"Clearfield"
"51053",2152,819,"Dinwiddie"
"08105",2434,150,"Rio Grande"
"40109",3986,15457,"Oklahoma"
"40019",3198,764,"Carter"
"40079",2890,496,"Le Flore"
"12007",3285,346,"Bradford"
"53015",1912,2831,"Cowlitz"
"32510",1559,1253,"Carson City"
"37039",1879,601,"Cherokee"
"47099",2137,693,"Lawrence"
"08043",2867,1319,"Fremont"
"16061",2437,49,"Lewis"
"21165",NA,NA,"Menifee"
"22127",NA,NA,"Winn"
"39147",1877,518,"Seneca"
"40027",3763,6357,"Cleveland"
"51530",1624,139,"Buena Vista"
"51041",2344,17478,"Chesterfield"
"18089",2181,14894,"Lake"
"26041",2159,225,"Delta"
"20149",NA,NA,"Pottawatomie"
"30047",2557,769,"Lake"
"46051",NA,NA,"Grant"
"38051",NA,NA,"McIntosh"
"35029",1954,227,"Luna"
"26029",2452,311,"Charlevoix"
"48139",2950,4694,"Ellis"
"36047",3698,6757,"Kings"
"55067",1668,130,"Langlade"
"13117",3124,9033,"Forsyth"
"41045",1916,355,"Malheur"
"39055",2345,1993,"Geauga"
"22023",4290,69,"Cameron"
"21071",2450,211,"Floyd"
"19133",2892,78,"Monona"
"48351",2430,95,"Newton"
"13265",NA,NA,"Taliaferro"
"13267",2471,245,"Tattnall"
"13281",2191,285,"Towns"
"21125",2448,760,"Laurel"
"47157",2836,21685,"Shelby"
"26061",2026,347,"Houghton"
"47167",2527,2012,"Tipton"
"48119",NA,NA,"Delta"
"20191",2894,459,"Sumner"
"21141",2397,441,"Logan"
"48123",2663,143,"DeWitt"
"20197",NA,NA,"Wabaunsee"
"26077",2263,3682,"Kalamazoo"
"21153",NA,NA,"Magoffin"
"49011",1730,12509,"Davis"
"02261",NA,NA,"Valdez-Cordova"
"55129",2002,189,"Washburn"
"21231",2277,157,"Wayne"
"26075",2534,3111,"Jackson"
"40127",NA,NA,"Pushmataha"
"48277",2755,556,"Lamar"
"06057",4594,3008,"Nevada"
"31015",NA,NA,"Boyd"
"46091",NA,NA,"Marshall"
"13181",2580,129,"Lincoln"
"26019",NA,NA,"Benzie"
"37013",2838,759,"Beaufort"
"13069",2182,509,"Coffee"
"18099",2130,527,"Marshall"
"22097",2959,1014,"St. Landry"
"30015",2382,44,"Chouteau"
"50007",NA,NA,"Chittenden"
"72083",NA,NA,"Las Marías"
"37121",1808,178,"Mitchell"
"30007",2897,194,"Broadwater"
"39133",1775,3482,"Portage"
"51067",1909,1576,"Franklin"
"41027",1896,450,"Hood River"
"39113",2010,10333,"Montgomery"
"13103",2342,2249,"Effingham"
"53005",2323,5889,"Benton"
"53039",2450,425,"Klickitat"
"45047",1742,1616,"Greenwood"
"29173",2108,111,"Ralls"
"56001",3125,684,"Albany"
"27083",2751,489,"Lyon"
"47125",2209,10036,"Montgomery"
"49017",NA,NA,"Garfield"
"51011",1582,552,"Appomattox"
"19035",3054,65,"Cherokee"
"21085",2555,281,"Grayson"
"22113",3996,702,"Vermilion"
"17071",NA,NA,"Henderson"
"01117",2677,6666,"Shelby"
"01081",2323,3757,"Lee"
"16037",2053,76,"Custer"
"13151",2723,7735,"Henry"
"19089",NA,NA,"Howard"
"39119",2012,1253,"Muskingum"
"19093",NA,NA,"Ida"
"17133",3058,734,"Monroe"
"19097",2490,122,"Jackson"
"08097",6835,217,"Pitkin"
"17149",NA,NA,"Pike"
"56017",2381,84,"Hot Springs"
"27125",2779,33,"Red Lake"
"05103",2621,223,"Ouachita"
"45029",2695,544,"Colleton"
"27137",2394,5272,"St. Louis"
"39093",1683,7525,"Lorain"
"27139",3699,5876,"Scott"
"28019",NA,NA,"Choctaw"
"54027",1650,272,"Hampshire"
"12079",3169,178,"Madison"
"12023",3121,862,"Columbia"
"12005",4067,4411,"Bay"
"72025",NA,NA,"Caguas"
"72045",NA,NA,"Comerío"
"22111",2298,239,"Union"
"21211",2688,1363,"Shelby"
"51185",1836,513,"Tazewell"
"18125",2281,210,"Pike"
"37049",3007,3227,"Craven"
"72003",NA,NA,"Aguada"
"26047",2134,298,"Emmet"
"20087",3002,447,"Jefferson"
"49043",3622,886,"Summit"
"20161",NA,NA,"Riley"
"27077",3236,65,"Lake of the Woods"
"22047",3154,387,"Iberville"
"48265",2418,748,"Kerr"
"34027",2360,14182,"Morris"
"13095",2061,1660,"Dougherty"
"31003",NA,NA,"Antelope"
"47135",2704,52,"Perry"
"29007",1961,299,"Audrain"
"47155",2170,2390,"Sevier"
"30045",NA,NA,"Judith Basin"
"51029",1884,331,"Buckingham"
"02188",NA,NA,"Northwest Arctic"
"27007",2778,538,"Beltrami"
"27001",2756,311,"Aitkin"
"20185",NA,NA,"Stafford"
"40131",3249,2152,"Rogers"
"22005",3197,3325,"Ascension"
"26031",2291,243,"Cheboygan"
"08099",3251,70,"Prowers"
"12097",3494,9622,"Osceola"
"51073",2303,1894,"Gloucester"
"37189",1986,817,"Watauga"
"45055",2083,1649,"Kershaw"
"16077",1953,73,"Power"
"40021",3148,631,"Cherokee"
"48419",2501,94,"Shelby"
"55115",1659,439,"Shawano"
"06031",1537,4955,"Kings"
"06083",2030,6637,"Santa Barbara"
"16011",1647,824,"Bingham"
"27087",2970,28,"Mahnomen"
"20117",2561,54,"Marshall"
"55001",1835,248,"Adams"
"72107",NA,NA,"Orocovis"
"72021",NA,NA,"Bayamón"
"54039",1645,3058,"Kanawha"
"72063",NA,NA,"Gurabo"
"72039",NA,NA,"Ciales"
"72041",NA,NA,"Cidra"
"72055",NA,NA,"Guánica"
"28091",3212,118,"Marion"
"31063",3790,26,"Frontier"
"31065",4134,39,"Furnas"
"01115",2604,2632,"St. Clair"
"42089",1856,3861,"Monroe"
"36041",1716,38,"Hamilton"
"48449",2549,257,"Titus"
"42103",1725,1403,"Pike"
"48467",3031,682,"Van Zandt"
"36113",1474,1020,"Warren"
"31073",NA,NA,"Gosper"
"54075",NA,NA,"Pocahontas"
"26135",1975,69,"Oscoda"
"55017",1883,784,"Chippewa"
"06109",3910,1606,"Tuolumne"
"55121",2032,197,"Trempealeau"
"05137",2956,167,"Stone"
"41015",2050,275,"Curry"
"05047",2478,243,"Franklin"
"06037",2395,120875,"Los Angeles"
"25019",4613,44,"Nantucket"
"34039",2590,13136,"Union"
"18075",1975,175,"Jay"
"05031",2607,3125,"Craighead"
"08067",2854,1531,"La Plata"
"28095",2364,285,"Monroe"
"39145",2028,536,"Scioto"
"51117",2054,568,"Mecklenburg"
"01015",2330,2701,"Calhoun"
"21025",NA,NA,"Breathitt"
"20109",NA,NA,"Logan"
"30087",3036,117,"Rosebud"
"31005",NA,NA,"Arthur"
"45035",2868,4439,"Dorchester"
"48333",NA,NA,"Mills"
"18001",1697,416,"Adams"
"18017",2017,349,"Cass"
"32023",1910,1087,"Nye"
"72054",NA,NA,"Florida"
"30107",NA,NA,"Wheatland"
"30011",NA,NA,"Carter"
"20137",NA,NA,"Norton"
"37021",1864,6674,"Buncombe"
"31157",3536,923,"Scotts Bluff"
"42107",1577,2208,"Schuylkill"
"33009",2521,1073,"Grafton"
"39075",1898,150,"Holmes"
"02195",NA,NA,"Petersburg"
"05039",2793,41,"Dallas"
"37111",2082,577,"McDowell"
"42109",1392,398,"Snyder"
"36059",5027,37183,"Nassau"
"51630",2124,769,"Fredericksburg"
"29149",NA,NA,"Oregon"
"36063",1778,3917,"Niagara"
"51800",2868,3825,"Suffolk"
"06067",1879,45406,"Sacramento"
"19113",2440,5344,"Linn"
"21133",NA,NA,"Letcher"
"30111",3319,5790,"Yellowstone"
"28145",2502,432,"Union"
"48097",3310,631,"Cooke"
"48325",2630,660,"Medina"
"26083",NA,NA,"Keweenaw"
"27055",2755,137,"Houston"
"27063",3043,132,"Jackson"
"21173",2894,365,"Montgomery"
"21175",NA,NA,"Morgan"
"54089",NA,NA,"Summers"
"26153",NA,NA,"Schoolcraft"
"42101",1882,21448,"Philadelphia"
"01073",2740,16177,"Jefferson"
"22021",NA,NA,"Caldwell"
"29177",2686,666,"Ray"
"45019",4788,11445,"Charleston"
"48417",NA,NA,"Shackelford"
"72079",NA,NA,"Lajas"
"17159",2313,68,"Richland"
"13253",2996,96,"Seminole"
"40067",NA,NA,"Jefferson"
"30063",2604,2679,"Missoula"
"18005",2102,1855,"Bartholomew"
"20007",NA,NA,"Barber"
"17087",2877,61,"Johnson"
"42087",1337,532,"Mifflin"
"18077",2230,528,"Jefferson"
"51045",1808,27,"Craig"
"39125",1945,158,"Paulding"
"13003",NA,NA,"Atkinson"
"51125",2093,435,"Nelson"
"12131",5009,1962,"Walton"
"31057",NA,NA,"Dundy"
"21021",3519,496,"Boyle"
"48213",2832,977,"Henderson"
"31177",4161,438,"Washington"
"16071",2243,94,"Oneida"
"56009",3168,459,"Converse"
"05091",2638,756,"Miller"
"34025",3452,20516,"Monmouth"
"27093",3015,737,"Meeker"
"17091",2513,2255,"Kankakee"
"27075",3280,180,"Lake"
"23021",1493,171,"Piscataquis"
"05121",2610,188,"Randolph"
"08107",3919,756,"Routt"
"27059",3248,1654,"Isanti"
"27143",2880,370,"Sibley"
"06079",2180,6357,"San Luis Obispo"
"39005",1886,946,"Ashland"
"28121",2642,3387,"Rankin"
"06043",4220,361,"Mariposa"
"35009",3260,1406,"Curry"
"36021",2001,827,"Columbia"
"06093",2710,740,"Siskiyou"
"48439",2794,38296,"Tarrant"
"47045",2486,555,"Dyer"
"27039",2755,598,"Dodge"
"37093",2322,2749,"Hoke"
"26127",2191,190,"Oceana"
"37125",2456,4202,"Moore"
"26133",NA,NA,"Osceola"
"44009",3157,2687,"Washington"
"42007",1600,3683,"Beaver"
"46095",NA,NA,"Mellette"
"46117",4217,35,"Stanley"
"29061",2393,101,"Daviess"
"46137",NA,NA,"Ziebach"
"30021",2731,186,"Dawson"
"49003",1800,2079,"Box Elder"
"30089",2424,252,"Sanders"
"48159",3212,114,"Franklin"
"36025",1699,349,"Delaware"
"48183",2143,1477,"Gregg"
"38029",NA,NA,"Emmons"
"34031",2569,9169,"Passaic"
"48503",3125,182,"Young"
"21015",2281,3570,"Boone"
"39045",2113,3686,"Fairfield"
"38071",2308,99,"Ramsey"
"08019",4401,390,"Clear Creek"
"36029",1744,15042,"Erie"
"28043",3095,152,"Grenada"
"21187",2605,145,"Owen"
"21163",2673,848,"Meade"
"48037",2586,1483,"Bowie"
"47179",2286,2920,"Washington"
"56015",3289,353,"Goshen"
"51057",2088,302,"Essex"
"48047",NA,NA,"Brooks"
"47187",3254,6375,"Williamson"
"55033",2090,424,"Dunn"
"56023",2528,482,"Lincoln"
"45077",1780,3085,"Pickens"
"56027",NA,NA,"Niobrara"
"45079",2131,11098,"Richland"
"06039",2422,4766,"Madera"
"17157",2614,253,"Randolph"
"48371",2272,84,"Pecos"
"13061",NA,NA,"Clay"
"48381",2824,3974,"Randall"
"19149",2583,257,"Plymouth"
"08113",3807,99,"San Miguel"
"19157",2641,357,"Poweshiek"
"13081",2595,247,"Crisp"
"48387",3099,61,"Red River"
"08125",4428,95,"Yuma"
"19161",3037,29,"Sac"
"21053",NA,NA,"Clinton"
"48083",NA,NA,"Coleman"
"08085",2096,1326,"Montrose"
"20143",2985,62,"Ottawa"
"20179",NA,NA,"Sheridan"
"49007",1725,364,"Carbon"
"49015",NA,NA,"Emery"
"48029",2040,25593,"Bexar"
"48187",2199,2768,"Guadalupe"
"15003",3384,10864,"Honolulu"
"05035",2669,981,"Crittenden"
"53007",2298,1513,"Chelan"
"12017",3133,3943,"Citrus"
"12059",3416,171,"Holmes"
"12065",3402,243,"Jefferson"
"12073",3037,7558,"Leon"
"12103",4800,23500,"Pinellas"
"47087",2406,176,"Jackson"
"72059",NA,NA,"Guayanilla"
"17177",2349,390,"Stephenson"
"31151",3590,218,"Saline"
"18019",2364,4860,"Clark"
"41041",1845,1094,"Lincoln"
"22105",3119,2726,"Tangipahoa"
"72105",NA,NA,"Naranjito"
"06107",1630,13306,"Tulare"
"36019",1494,1114,"Clinton"
"39165",4091,4890,"Warren"
"24043",2320,4865,"Washington"
"51141",1703,320,"Patrick"
"05143",2965,4913,"Washington"
"19129",3338,442,"Mills"
"21093",2738,4211,"Hardin"
"02185",NA,NA,"North Slope"
"02282",NA,NA,"Yakutat"
"05127",2611,64,"Scott"
"48237",3447,59,"Jack"
"51840",1890,942,"Winchester"
"12111",4187,12492,"St. Lucie"
"05131",2585,2533,"Sebastian"
"18121",2220,150,"Parke"
"08049",4124,392,"Grand"
"20103",3081,2806,"Leavenworth"
"55007",1895,183,"Bayfield"
"55003",1593,152,"Ashland"
"55013",1990,379,"Burnett"
"22007",4676,224,"Assumption"
"22025",2984,45,"Catahoula"
"22027",2564,111,"Claiborne"
"36045",2147,1454,"Jefferson"
"06097",2468,10063,"Sonoma"
"22029",2123,152,"Concordia"
"26095",1714,36,"Luce"
"05129",2986,65,"Searcy"
"42111",1489,893,"Somerset"
"27123",3141,14508,"Ramsey"
"41009",1782,1445,"Columbia"
"53037",2422,1015,"Kittitas"
"54055",1491,475,"Mercer"
"12113",4045,6782,"Santa Rosa"
"48385",NA,NA,"Real"
"51071",1811,450,"Giles"
"53065",2359,972,"Stevens"
"12039",3088,607,"Gadsden"
"27173",2964,168,"Yellow Medicine"
"29013",2710,350,"Bates"
"32007",1889,774,"Elko"
"04003",1993,3948,"Cochise"
"13073",2328,6688,"Columbia"
"23005",1815,6667,"Cumberland"
"27011",2838,65,"Big Stone"
"35039",2728,208,"Rio Arriba"
"04013",2216,107654,"Maricopa"
"21099",2411,168,"Hart"
"26051",2925,283,"Gladwin"
"36077",1709,679,"Otsego"
"48023",NA,NA,"Baylor"
"54025",1586,244,"Greenbrier"
"19127",2291,803,"Marshall"
"37073",2330,230,"Gates"
"37147",2539,4920,"Pitt"
"21131",NA,NA,"Leslie"
"22079",2090,2080,"Rapides"
"34019",2649,4323,"Hunterdon"
"26105",NA,NA,"Mason"
"27131",3159,1992,"Rice"
"48181",2773,2560,"Grayson"
"29189",2933,28578,"St. Louis"
"05113",2851,215,"Polk"
"26119",NA,NA,"Montmorency"
"48307",2040,55,"McCulloch"
"32009",NA,NA,"Esmeralda"
"72123",NA,NA,"Salinas"
"18015",2326,384,"Carroll"
"26099",2457,19870,"Macomb"
"26129",2509,197,"Ogemaw"
"26145",2926,2047,"Saginaw"
"47047",3165,1642,"Fayette"
"20163",NA,NA,"Rooks"
"72097",NA,NA,"Mayagüez"
"20183",NA,NA,"Smith"
"24035",2442,2168,"Queen Anne's"
"48027",2092,8887,"Bell"
"36117",1220,1332,"Wayne"
"31153",3694,7387,"Sarpy"
"37027",1756,2078,"Caldwell"
"51181",2239,216,"Surry"
"29195",2333,272,"Saline"
"37033",1750,381,"Caswell"
"26131",NA,NA,"Ontonagon"
"33015",2996,8617,"Rockingham"
"05055",2576,865,"Greene"
"37045",1798,1976,"Cleveland"
"42121",1409,389,"Venango"
"05057",2646,104,"Hempstead"
"01011",3619,22,"Bullock"
"01109",2220,507,"Pike"
"48425",2987,173,"Somervell"
"28147",3964,63,"Walthall"
"13291",2343,686,"Union"
"13301",2238,48,"Warren"
"40065",3422,610,"Jackson"
"29223",NA,NA,"Wayne"
"34001",2467,7538,"Atlantic"
"05119",2855,10392,"Pulaski"
"51660",1625,523,"Harrisonburg"
"42009",1317,617,"Bedford"
"05099",2631,34,"Nevada"
"05105",2714,116,"Perry"
"51685",2432,608,"Manassas Park"
"05109",2667,58,"Pike"
"18049",2071,191,"Fulton"
"18073",2103,954,"Jasper"
"06053",2105,7471,"Monterey"
"19013",2294,1805,"Black Hawk"
"10003",1968,16302,"New Castle"
"08029",2130,905,"Delta"
"51580",1690,127,"Covington"
"06023",1937,2404,"Humboldt"
"04009",1998,881,"Graham"
"13091",2229,200,"Dodge"
"31025",3768,801,"Cass"
"09013",2495,3685,"Tolland"
"01119",3132,23,"Sumter"
"48167",3179,6387,"Galveston"
"39111",1953,56,"Monroe"
"47067",NA,NA,"Hancock"
"01077",2614,2081,"Lauderdale"
"13295",2179,1712,"Walker"
"19007",2501,92,"Appanoose"
"18147",2278,277,"Spencer"
"27155",NA,NA,"Traverse"
"18123",2125,373,"Perry"
"38097",2519,149,"Traill"
"12077",3834,44,"Liberty"
"49049",1748,18506,"Utah"
"30099",2560,90,"Teton"
"18165",2149,137,"Vermillion"
"37095",NA,NA,"Hyde"
"04015",1670,6050,"Mohave"
"56029",2602,955,"Park"
"56037",1657,1326,"Sweetwater"
"30061",2735,100,"Mineral"
"30065",3398,94,"Musselshell"
"34023",2315,20382,"Middlesex"
"48359",NA,NA,"Oldham"
"13297",2553,3790,"Walton"
"13303",2350,208,"Washington"
"30081",2677,1362,"Ravalli"
"29115",NA,NA,"Linn"
"06071",2300,57313,"San Bernardino"
"13169",2267,573,"Jones"
"13099",2893,67,"Early"
"08123",3708,10291,"Weld"
"48443",NA,NA,"Terrell"
"17191",NA,NA,"Wayne"
"08033",NA,NA,"Dolores"
"02013",NA,NA,"Aleutians East"
"02060",NA,NA,"Bristol Bay"
"02070",NA,NA,"Dillingham"
"40089",3681,178,"McCurtain"
"29009",2497,514,"Barry"
"38037",NA,NA,"Grant"
"48355",2711,5315,"Nueces"
"17171",NA,NA,"Scott"
"21011",NA,NA,"Bath"
"26087",2389,1888,"Lapeer"
"31097",3777,27,"Johnson"
"35005",2913,1443,"Chaves"
"42061",1396,626,"Huntingdon"
"51131",2639,265,"Northampton"
"08045",3142,1777,"Garfield"
"26007",2062,228,"Alpena"
"38021",2358,47,"Dickey"
"41065",1830,543,"Wasco"
"05037",2697,296,"Cross"
"13089",2974,20119,"DeKalb"
"49033",NA,NA,"Rich"
"25011",2291,866,"Franklin"
"17195",2171,559,"Whiteside"
"13127",2934,2291,"Glynn"
"39155",1783,3372,"Trumbull"
"13137",2474,991,"Habersham"
"39157",1671,1296,"Tuscarawas"
"39159",2224,1366,"Union"
"13145",2508,1431,"Harris"
"13147",2206,562,"Hart"
"39099",1743,4034,"Mahoning"
"09015",2469,2725,"Windham"
"08051",3142,369,"Gunnison"
"16019",1704,2997,"Bonneville"
"06091",3083,57,"Sierra"
"40113",3136,549,"Osage"
"22099",3223,814,"St. Martin"
"22103",5222,8027,"St. Tammany"
"36033",1486,423,"Franklin"
"28063",NA,NA,"Jefferson"
"47127",2349,132,"Moore"
"36007",1333,2072,"Broome"
"36093",1517,2371,"Schenectady"
"40005",3716,72,"Atoka"
"36107",1557,521,"Tioga"
"27157",2895,347,"Wabasha"
"37029",3604,515,"Camden"
"51175",2174,354,"Southampton"
"36027",1968,3077,"Dutchess"
"51095",2224,2473,"James City"
"37075",2748,70,"Graham"
"01025",2884,332,"Clarke"
"01091",2593,174,"Marengo"
"01131",2727,32,"Wilcox"
"54099",1700,269,"Wayne"
"01099",2669,207,"Monroe"
"24001",2020,1108,"Allegany"
"01127",2663,902,"Walker"
"54059",NA,NA,"Mingo"
"54061",1712,1609,"Monongalia"
"51155",1647,860,"Pulaski"
"54071",NA,NA,"Pendleton"
"29153",NA,NA,"Ozark"
"40141",2633,62,"Tillman"
"48411",NA,NA,"San Saba"
"31171",NA,NA,"Thomas"
"42031",1517,216,"Clarion"
"51087",2126,12696,"Henrico"
"55043",2086,256,"Grant"
"35006",2024,110,"Cibola"
"12125",3177,111,"Union"
"38089",2852,689,"Stark"
"20001",NA,NA,"Allen"
"28107",2633,265,"Panola"
"40111",3315,327,"Okmulgee"
"51083",2070,643,"Halifax"
"18163",2086,4156,"Vanderburgh"
"38065",NA,NA,"Oliver"
"05051",2619,1856,"Garland"
"04012",2246,117,"La Paz"
"17197",3001,20499,"Will"
"29129",NA,NA,"Mercer"
"08079",NA,NA,"Mineral"
"48273",2370,344,"Kleberg"
"05139",2728,757,"Union"
"06115",2141,3241,"Yuba"
"13013",2170,3628,"Barrow"
"08057",NA,NA,"Jackson"
"37175",2390,616,"Transylvania"
"51077",1424,233,"Grayson"
"08063",3832,72,"Kit Carson"
"22057",4060,1568,"Lafourche"
"37185",2219,242,"Warren"
"72053",NA,NA,"Fajardo"
"17089",2825,14261,"Kane"
"30005",2401,31,"Blaine"
"72121",NA,NA,"Sabana Grande"
"38019",NA,NA,"Cavalier"
"06015",2123,531,"Del Norte"
"29017",NA,NA,"Bollinger"
"51720",2257,24,"Norton"
"36075",1695,1350,"Oswego"
"55011",2075,115,"Buffalo"
"36087",2792,4911,"Rockland"
"08011",NA,NA,"Bent"
"09001",3215,18782,"Fairfield"
"05005",2437,1119,"Baxter"
"51193",2391,742,"Westmoreland"
"38083",NA,NA,"Sheridan"
"29225",2549,670,"Webster"
"37059",1855,1391,"Davie"
"05063",2599,691,"Independence"
"42129",1654,7470,"Westmoreland"
"48199",2806,1073,"Hardin"
"48431",NA,NA,"Sterling"
"48461",NA,NA,"Upton"
"48475",2400,140,"Ward"
"48485",2445,2080,"Wichita"
"08065",3113,214,"Lake"
"08071",3626,247,"Las Animas"
"36011",1902,812,"Cayuga"
"48253",2653,174,"Jones"
"37091",2064,164,"Hertford"
"08093",3971,882,"Park"
"26097",2610,49,"Mackinac"
"08109",2953,44,"Saguache"
"48229",NA,NA,"Hudspeth"
"09007",3004,4441,"Middlesex"
"01021",2580,833,"Chilton"
"20071",NA,NA,"Greeley"
"40035",2863,95,"Craig"
"06099",1678,19407,"Stanislaus"
"20055",3213,523,"Finney"
"46119",NA,NA,"Sully"
"47133",2092,303,"Overton"
"54097",1702,161,"Upshur"
"40103",3317,113,"Noble"
"48311",NA,NA,"McMullen"
"54003",1660,3699,"Berkeley"
"53023",2268,35,"Garfield"
"26137",NA,NA,"Otsego"
"37051",2550,15233,"Cumberland"
"16033",NA,NA,"Clark"
"56021",3648,3938,"Laramie"
"48281",2438,456,"Lampasas"
"16007",1807,118,"Bear Lake"
"24037",2541,4067,"St. Mary's"
"38033",NA,NA,"Golden Valley"
"32031",1645,10941,"Washoe"
"32005",1848,1245,"Douglas"
"18009",2026,163,"Blackford"
"18169",1827,350,"Wabash"
"72089",NA,NA,"Luquillo"
"05049",2782,168,"Fulton"
"08005",4698,17306,"Arapahoe"
"05033",2689,1256,"Crawford"
"29021",2113,2194,"Buchanan"
"31055",3842,15283,"Douglas"
"06021",1749,463,"Glenn"
"42133",1520,14074,"York"
"31043",3222,312,"Dakota"
"37077",2092,1601,"Granville"
"31027",3499,79,"Cedar"
"06027",2373,242,"Inyo"
"37097",2793,5818,"Iredell"
"40129",NA,NA,"Roger Mills"
"13189",2244,436,"McDuffie"
"41055",NA,NA,"Sherman"
"41063",2382,150,"Wallowa"
"55041",1788,50,"Forest"
"19025",2314,77,"Calhoun"
"48093",3182,125,"Comanche"
"48143",2907,494,"Erath"
"48101",NA,NA,"Cottle"
"48107",NA,NA,"Crosby"
"26037",2801,1178,"Clinton"
"23007",1689,288,"Franklin"
"47145",2154,1134,"Roane"
"21107",2695,539,"Hopkins"
"26003",1955,41,"Alger"
"37017",2633,393,"Bladen"
"29127",2016,267,"Marion"
"39101",1910,1042,"Marion"
"53009",1776,1612,"Clallam"
"05067",2481,137,"Jackson"
"51065",1927,1081,"Fluvanna"
"01053",2625,447,"Escambia"
"12089",3823,2422,"Nassau"
"36089",1501,472,"St. Lawrence"
"37019",4114,4798,"Brunswick"
"51143",1691,1207,"Pittsylvania"
"13017",2199,203,"Ben Hill"
"37163",2405,1154,"Sampson"
"36069",1791,1664,"Ontario"
"51165",1583,2322,"Rockingham"
"02122",2194,1163,"Kenai Peninsula"
"48283",NA,NA,"La Salle"
"46087",NA,NA,"McCook"
"29099",2492,7094,"Jefferson"
"54011",1628,1143,"Cabell"
"17001",2080,656,"Adams"
"12011",6865,33540,"Broward"
"39169",1879,1772,"Wayne"
"39011",1951,501,"Auglaize"
"13183",2439,642,"Long"
"39033",1929,533,"Crawford"
"02100",NA,NA,"Haines"
"05077",NA,NA,"Lee"
"05095",NA,NA,"Monroe"
"05117",2605,49,"Prairie"
"40013",3177,425,"Bryan"
"51137",1977,1453,"Orange"
"48471",2673,632,"Walker"
"40029",NA,NA,"Coal"
"51031",1641,1647,"Campbell"
"48339",3166,10926,"Montgomery"
"40091",3110,135,"McIntosh"
"40095",3250,127,"Marshall"
"48225",2429,153,"Houston"
"48407",2515,262,"San Jacinto"
"48395",2506,169,"Robertson"
